-- phpMyAdmin SQL Dump
-- version 4.6.4
-- https://www.phpmyadmin.net/
--
-- Host: fdb3.freehostingeu.com
-- Generation Time: Nov 14, 2016 at 06:04 PM
-- Server version: 5.7.16-log
-- PHP Version: 5.5.38

SET SQL_MODE = "NO_AUTO_VALUE_ON_ZERO";
SET time_zone = "+00:00";


/*!40101 SET @OLD_CHARACTER_SET_CLIENT=@@CHARACTER_SET_CLIENT */;
/*!40101 SET @OLD_CHARACTER_SET_RESULTS=@@CHARACTER_SET_RESULTS */;
/*!40101 SET @OLD_COLLATION_CONNECTION=@@COLLATION_CONNECTION */;
/*!40101 SET NAMES utf8mb4 */;

--
-- Database: `2207508_ed`
--
DROP DATABASE 2207508_ed;
CREATE DATABASE IF NOT EXISTS `2207508_ed` DEFAULT CHARACTER SET latin1 COLLATE latin1_swedish_ci;
USE `2207508_ed`;

-- --------------------------------------------------------

--
-- Table structure for table `configuration`
--

CREATE TABLE `configuration` (
  `baseLatitude` float NOT NULL,
  `baseLongitude` float NOT NULL
) ENGINE=MyISAM DEFAULT CHARSET=latin1 COLLATE=latin1_general_ci;

-- --------------------------------------------------------

--
-- Table structure for table `ed_companies`
--

CREATE TABLE `ed_companies` (
  `ID` int(11) NOT NULL,
  `Address` varchar(200) DEFAULT NULL,
  `Description` varchar(200) DEFAULT NULL,
  `Latitude` float DEFAULT NULL,
  `Longitude` float DEFAULT NULL
) ENGINE=MyISAM DEFAULT CHARSET=latin1;

--
-- Dumping data for table `ed_companies`
--

INSERT INTO `ed_companies` (`ID`, `Address`, `Description`, `Latitude`, `Longitude`) VALUES
(3, 'rua cidade vila cabral, Lisboa', 'Webrickco, ltd', 38.7666, -9.12179),
(4, 'Place de la mairie Esprels, 70110 villersexel', 'IBM, llc', 47.5354, 6.37386),
(2, 'rua cidade vila cabral, Lisboa', 'EasyDelivery, ltd', 38.7666, -9.12179),
(5, 'Porto Salvo, Portugal', 'Software, plc', 0, 0),
(6, 'Porto Salvo, Portugal', 'Webrickco teste, ltd', 0, 0),
(7, 'Porto Salvo, Portugal', 'Webrickco teste, ltd', 38.7453, -9.30732);

-- --------------------------------------------------------

--
-- Table structure for table `ed_customers`
--

CREATE TABLE `ed_customers` (
  `id` bigint(20) NOT NULL,
  `Name` varchar(200) COLLATE latin1_general_ci NOT NULL,
  `Address` varchar(200) COLLATE latin1_general_ci NOT NULL,
  `Latitude` float NOT NULL,
  `Longitude` float NOT NULL,
  `CreationDate` datetime NOT NULL,
  `Email` varchar(200) COLLATE latin1_general_ci NOT NULL
) ENGINE=MyISAM DEFAULT CHARSET=latin1 COLLATE=latin1_general_ci;

--
-- Dumping data for table `ed_customers`
--

INSERT INTO `ed_customers` (`id`, `Name`, `Address`, `Latitude`, `Longitude`, `CreationDate`, `Email`) VALUES
(1, 'Google, inc', '1600 Amphitheatre Pkwy, Mountain View, CA 94043, Estados Unidos', 37.422, -122.084, '2015-10-01 20:00:00', 'dadominguesgmail.com'),
(2, 'Yahoo, inc', 'Santa Clara, Califórnia, EUA', 37.3557, -121.955, '2015-10-01 20:00:00', 'dadominguesgmail.com'),
(3, 'IBM corporation', '1 New Orchard Road Armonk;New York;unites states', 41.1072, -73.7215, '2015-10-01 20:00:00', 'dadominguesgmail.com'),
(4, 'MIT', '77 Massachusetts Ave, Cambridge, MA 02139, Estados Unidos', 42.359, -71.0935, '2015-10-01 20:00:00', 'dadominguesgmail.com'),
(5, 'Harvard High School', 'Cambridge, MA 02138, Estados Unidos', 42.3801, -71.1329, '2015-10-01 20:00:00', 'dadominguesgmail.com'),
(6, 'Hewlett-Packard Company', '3000 Hanover Street, Palo Alto, Ca', 37.4167, -122.146, '2015-10-01 20:00:00', 'dadominguesgmail.com'),
(7, 'CISCO Systems', '150 W Tasman Dr, San Jose, CA 95134, Estados Unidos', 37.408, -121.953, '2015-10-01 20:00:00', 'dadominguesgmail.com'),
(14, 'Cliente em Carcavelos', 'Carcavelos', 38.6884, -9.33624, '2015-10-01 20:00:00', 'dadominguesgmail.com'),
(15, 'Cliente em Caldas da Rainha', 'Caldas da Rainha', 39.4118, -9.13232, '2015-10-01 20:00:00', 'dadominguesgmail.com'),
(16, 'Cliente em Pombal', 'Pombal', 39.913, -8.63344, '2015-10-01 20:00:00', 'dadominguesgmail.com'),
(17, 'Cliente na Figueira da Foz', 'Figueira da Foz', 40.1667, -8.86197, '2015-10-01 20:00:00', 'dadominguesgmail.com'),
(12, 'Cliente no Porto', 'Porto', 41.1616, -8.61308, '2015-10-01 20:00:00', 'dadominguesgmail.com'),
(13, 'Cliente em Mértola', 'Mértola', 37.6385, -7.66295, '2015-10-01 20:00:00', 'dadominguesgmail.com'),
(18, 'Cliente em Tamengos', 'Tamengos', 40.4184, -8.46595, '2015-10-01 20:00:00', 'dadominguesgmail.com'),
(19, 'Cliente em Coruche', 'Coruche', 38.9594, -8.53287, '2015-10-01 20:00:00', 'dadominguesgmail.com'),
(20, 'Cliente em Beja', 'Beja', 38.0048, -7.85388, '2015-10-01 20:00:00', 'dadominguesgmail.com'),
(21, 'Cliente em Alcácer do Sal', 'Alcácer do Sal', 38.3764, -8.49635, '2015-10-01 20:00:00', 'dadominguesgmail.com'),
(22, 'Cliente em Oeiras', 'Oeiras', 38.6933, -9.31373, '2015-10-01 20:00:00', 'dadominguesgmail.com'),
(23, 'Cliente no Tagus Park', 'Tagus park, porto salvo, portugal', 38.7454, -9.30417, '2015-10-01 20:00:00', 'dadominguesgmail.com'),
(24, 'Cliente na Quinta da Fonte', 'Quita da fonte business park portugal', 38.7111, -9.29872, '2015-10-01 20:00:00', 'dadominguesgmail.com'),
(25, 'Restaurante Cinnamon', 'Rua Bartolomeu de Gusmão nº42, Parede', 38.6919, -9.35062, '2015-10-01 20:00:00', 'dadominguesgmail.com'),
(26, 'Cliente Porto Salvo', 'Porto Salvo', 38.7231, -9.30256, '2015-10-01 20:00:00', 'dadominguesgmail.com'),
(27, 'Cliente no Lagoas Park', 'Lagoas Park', 38.714, -9.31127, '2015-10-01 20:00:00', 'dadominguesgmail.com'),
(28, 'Cliente no Arneiro', 'Arneiro', 38.7057, -9.32269, '2015-10-01 20:00:00', 'dadominguesgmail.com'),
(29, 'Cliente depois da rotunda do Arneiro', 'Arneiro', 38.7114, -9.33085, '2015-10-01 20:00:00', 'dadominguesgmail.com'),
(30, 'Cliente na Bomba de Gasolina de Oeiras', 'Oeiras', 38.7022, -9.30809, '2015-10-01 20:00:00', 'dadominguesgmail.com'),
(31, 'Cliente Nova Oeiras', 'Oeiras', 38.6952, -9.32596, '2015-10-01 20:00:00', 'dadominguesgmail.com'),
(32, 'Cliente Legrand', 'Carcavelos', 38.6942, -9.33629, '2015-10-01 20:00:00', 'dadominguesgmail.com'),
(33, 'Cliente Lidl', 'São Domingos de rana', 38.6959, -9.34332, '2015-10-01 20:00:00', 'dadominguesgmail.com'),
(34, 'Cliente Terplana', 'São Domingos de rana', 38.6958, -9.34633, '2015-10-01 20:00:00', 'dadominguesgmail.com'),
(35, 'Cliente na Parede 1', 'Avenida republica', 38.6903, -9.3547, '2015-10-01 20:00:00', 'dadominguesgmail.com'),
(36, 'Cliente na Parede 2', 'Comboio', 38.69, -9.35649, '2015-10-01 20:00:00', 'dadominguesgmail.com'),
(37, 'Cliente na Parede 3', 'Parte baixa', 38.6871, -9.354, '2015-10-01 20:00:00', 'dadominguesgmail.com'),
(38, 'Cliente na Parede 0', 'Centro comercial', 38.6948, -9.34914, '2015-10-01 20:00:00', 'dadominguesgmail.com');

-- --------------------------------------------------------

--
-- Table structure for table `ed_deliveries`
--

CREATE TABLE `ed_deliveries` (
  `ID` bigint(20) NOT NULL,
  `CompanyID` bigint(20) NOT NULL,
  `Description` varchar(200) COLLATE latin1_general_ci NOT NULL,
  `DriverID` int(11) NOT NULL,
  `VehicleID` int(11) NOT NULL,
  `DateCreated` datetime DEFAULT NULL,
  `DateCompleted` datetime DEFAULT NULL,
  `isDriverBeginning` tinyint(1) DEFAULT NULL,
  `DateInitiated` datetime DEFAULT NULL
) ENGINE=MyISAM DEFAULT CHARSET=latin1 COLLATE=latin1_general_ci;

--
-- Dumping data for table `ed_deliveries`
--

INSERT INTO `ed_deliveries` (`ID`, `CompanyID`, `Description`, `DriverID`, `VehicleID`, `DateCreated`, `DateCompleted`, `isDriverBeginning`, `DateInitiated`) VALUES
(15, 1, 'Explicações', 1, 1, '2014-04-12 17:52:48', '0001-01-01 00:00:00', 1, '2015-10-02 16:03:59'),
(3, 1, 'Entrega do dia 20141006', 1, 3, '2014-01-08 00:00:00', '0001-01-01 00:00:00', 1, '0001-01-01 00:00:00'),
(4, 1, 'Entrega do dia 20141007', 2, 1, '2014-02-08 00:00:00', '0001-01-01 00:00:00', 0, '0001-01-01 00:00:00'),
(6, 1, 'Entrega do dia 20141029', 2, 3, '0001-01-01 00:00:00', '0001-01-01 00:00:00', 0, '0001-01-01 00:00:00'),
(10, 1, 'Entrega do dia 20141101', 1, 2, '2014-01-11 23:59:43', '0001-01-01 00:00:00', 0, '0001-01-01 00:00:00'),
(14, 1, 'Regresso a casa', 1, 1, '2014-02-12 16:57:30', '0001-01-01 00:00:00', 1, '2014-04-12 18:30:00'),
(11, 1, 'Entrega no Tagus Park', 1, 2, '0001-01-01 00:00:00', '0001-01-01 00:00:00', 0, '0001-01-01 00:00:00'),
(12, 1, 'Entrega no restaurante Cinnamon', 1, 1, '0001-01-01 00:00:00', '0001-01-01 00:00:00', 1, '0001-01-01 00:00:00'),
(16, 1, 'Regresso a Casa por Oeiras', 1, 2, '2014-05-12 14:51:26', '0001-01-01 00:00:00', 1, '2014-05-12 18:30:00'),
(17, 1, 'Nova entrega 20141210', 1, 1, '2014-10-12 23:07:46', '0001-01-01 00:00:00', 0, '0001-01-01 00:00:00'),
(18, 1, 'Entrega 2 20141210', 1, 2, '2014-10-12 23:11:49', '0001-01-01 00:00:00', 0, '0001-01-01 00:00:00'),
(19, 1, 'Entrega 3 20141210', 1, 1, '2014-10-12 23:12:32', '0001-01-01 00:00:00', 1, '0001-01-01 00:00:00'),
(20, 1, 'Entrega 4 20141210', 1, 1, '2014-10-12 23:13:33', '0001-01-01 00:00:00', 1, '0001-01-01 00:00:00'),
(21, 1, 'Entrega 5 20141210', 1, 1, '2014-10-12 23:13:52', '0001-01-01 00:00:00', 1, '0001-01-01 00:00:00'),
(22, 1, 'Passeio na parede 20141215', 1, 2, '0001-01-01 00:00:00', '0001-01-01 00:00:00', 0, '0001-01-01 00:00:00'),
(23, 1, 'Entrega de teste', 1, 1, '0001-01-01 00:00:00', '0001-01-01 00:00:00', 1, '0001-01-01 00:00:00'),
(35, 1, 'teste', 1, 1, '2015-01-01 12:00:00', '2016-02-01 12:00:00', 0, '2016-01-01 12:00:00');

-- --------------------------------------------------------

--
-- Table structure for table `ed_deliveryline`
--

CREATE TABLE `ed_deliveryline` (
  `DeliveryID` bigint(20) NOT NULL,
  `LineID` int(11) NOT NULL,
  `CompanyID` bigint(20) NOT NULL,
  `CustomerID` int(11) DEFAULT NULL,
  `Distance` float DEFAULT NULL,
  `CumulativeDistance` float DEFAULT NULL,
  `TimeinSec` bigint(20) DEFAULT NULL,
  `CumulativeTimeinSec` bigint(20) DEFAULT NULL,
  `DateCompleted` datetime DEFAULT NULL
) ENGINE=MyISAM DEFAULT CHARSET=latin1 COLLATE=latin1_general_ci;

--
-- Dumping data for table `ed_deliveryline`
--

INSERT INTO `ed_deliveryline` (`DeliveryID`, `LineID`, `CompanyID`, `CustomerID`, `Distance`, `CumulativeDistance`, `TimeinSec`, `CumulativeTimeinSec`, `DateCompleted`) VALUES
(3, 1, 1, 23, 11.42, 11.42, 1007, 1007, '0001-01-01 00:00:00'),
(3, 2, 1, 26, 3.16, 14.58, 278, 1285, '0001-01-01 00:00:00'),
(3, 3, 1, 24, 1.98, 16.56, 288, 1573, '0001-01-01 00:00:00'),
(3, 4, 1, 27, 2.26, 18.82, 316, 1889, '0001-01-01 00:00:00'),
(3, 5, 1, 28, 2.09, 20.91, 263, 2152, '0001-01-01 00:00:00'),
(3, 6, 1, 29, 1.36, 22.27, 241, 2393, '0001-01-01 00:00:00'),
(3, 7, 1, 32, 3.93, 26.2, 434, 2827, '0001-01-01 00:00:00'),
(3, 8, 1, 14, 0.85, 27.05, 162, 2989, '0001-01-01 00:00:00'),
(3, 9, 1, 25, 1.85, 28.9, 365, 3354, '0001-01-01 00:00:00'),
(3, 10, 1, 36, 0.73, 29.63, 148, 3502, '0001-01-01 00:00:00'),
(3, 11, 1, 38, 1.46, 31.09, 277, 3779, '0001-01-01 00:00:00'),
(3, 12, 1, 22, 4.54, 35.63, 716, 4495, '0001-01-01 00:00:00'),
(3, 13, 1, 15, 106.53, 142.16, 3946, 8441, '0001-01-01 00:00:00'),
(3, 14, 1, 19, 96.9, 239.06, 4346, 12787, '0001-01-01 00:00:00'),
(3, 15, 1, 21, 91.03, 330.09, 4567, 17354, '0001-01-01 00:00:00'),
(3, 16, 1, 20, 100.35, 430.44, 4788, 22142, '0001-01-01 00:00:00'),
(3, 17, 1, 13, 52.32, 482.76, 2816, 24958, '0001-01-01 00:00:00'),
(3, 18, 1, 17, 405.83, 888.59, 14804, 39762, '0001-01-01 00:00:00'),
(3, 19, 1, 18, 63.33, 951.92, 2926, 42688, '0001-01-01 00:00:00'),
(3, 20, 1, 12, 98.6, 1050.52, 4394, 47082, '0001-01-01 00:00:00'),
(4, 1, 1, 15, 105.81, 105.81, 0, 0, '0001-01-01 00:00:00'),
(4, 2, 1, 16, 90.74, 196.55, 0, 0, '0001-01-01 00:00:00'),
(4, 3, 1, 18, 69.68, 266.23, 0, 0, '0001-01-01 00:00:00'),
(4, 4, 1, 21, 283.4, 549.63, 0, 0, '0001-01-01 00:00:00'),
(4, 5, 1, 13, 52.32, 702.3, 0, 0, '0001-01-01 00:00:00'),
(4, 6, 1, 14, 249.76, 1106.58, 9802, 16413, '0001-01-01 00:00:00'),
(6, 1, 1, 15, 0, 0, 0, 0, '0001-01-01 00:00:00'),
(6, 2, 1, 19, 0, 0, 0, 0, '0001-01-01 00:00:00'),
(6, 3, 1, 17, 179.76, 276.66, 7064, 11410, '0001-01-01 00:00:00'),
(10, 1, 1, 24, 7.52, 7.52, 807, 807, '0001-01-01 00:00:00'),
(11, 1, 1, 22, 4.75, 4.75, 793, 793, '0001-01-01 00:00:00'),
(11, 2, 1, 23, 6.68, 11.43, 589, 1382, '0001-01-01 00:00:00'),
(11, 3, 1, 24, 4.72, 16.15, 355, 1737, '0001-01-01 00:00:00'),
(12, 1, 1, 25, 1.1, 1.1, 265, 265, '2014-02-12 19:00:00'),
(12, 2, 1, 22, 5.12, 6.22, 784, 1049, '0001-01-01 00:00:00'),
(14, 1, 1, 26, 8.66, 8.66, 919, 919, '2014-03-12 21:00:00'),
(14, 2, 1, 27, 2.07, 10.73, 260, 1179, '2014-03-12 23:06:50'),
(14, 3, 1, 28, 2.09, 12.82, 263, 1442, '0001-01-01 00:00:00'),
(15, 1, 1, 26, 8.66, 8.66, 919, 919, '2014-04-12 18:51:34'),
(15, 2, 1, 27, 2.07, 10.73, 260, 1179, '2014-04-12 18:56:09'),
(15, 3, 1, 28, 2.09, 12.82, 263, 1442, '2014-04-12 19:01:12'),
(15, 4, 1, 29, 1.36, 14.18, 241, 1683, '2014-04-12 19:03:55'),
(16, 1, 1, 30, 6.25, 6.25, 515, 515, '2014-05-12 18:56:59'),
(16, 2, 1, 22, 1.15, 7.4, 243, 758, '2014-05-12 18:58:47'),
(16, 3, 1, 31, 1.11, 8.51, 127, 885, '2014-05-12 19:01:19'),
(16, 4, 1, 32, 1.48, 9.99, 168, 1053, '2014-05-12 19:05:25'),
(16, 5, 1, 33, 0.69, 10.68, 100, 1153, '2014-05-12 19:06:47'),
(16, 6, 1, 34, 0.37, 11.05, 73, 1226, '2014-05-12 19:08:52'),
(17, 1, 1, 31, 2.43, 2.43, 436, 436, '0001-01-01 00:00:00'),
(18, 1, 1, 34, 0.35, 0.35, 106, 106, '2014-12-12 15:33:55'),
(19, 1, 1, 32, 1.32, 1.32, 271, 271, '0001-01-01 00:00:00'),
(20, 1, 1, 26, 8.66, 8.66, 919, 919, '0001-01-01 00:00:00'),
(21, 1, 1, 25, 1.1, 1.1, 265, 265, '0001-01-01 00:00:00'),
(22, 1, 1, 38, 0.58, 0.58, 158, 158, '0001-01-01 00:00:00'),
(22, 2, 1, 35, 0.96, 1.54, 230, 388, '0001-01-01 00:00:00'),
(22, 3, 1, 36, 0.2, 1.74, 45, 433, '0001-01-01 00:00:00'),
(22, 4, 1, 37, 1.3, 3.04, 207, 640, '0001-01-01 00:00:00'),
(23, 1, 1, 36, 1.59, 1.59, 341, 341, '0001-01-01 00:00:00'),
(23, 2, 1, 37, 1.3, 2.89, 207, 548, '0001-01-01 00:00:00'),
(23, 3, 1, 38, 1.44, 4.33, 289, 837, '0001-01-01 00:00:00'),
(35, 1, 1, 1, 5.5, 5.5, 15, 15, '2016-01-01 12:00:00');

-- --------------------------------------------------------

--
-- Table structure for table `ed_driverposition`
--

CREATE TABLE `ed_driverposition` (
  `id` bigint(20) NOT NULL,
  `CompanyID` bigint(20) NOT NULL,
  `DeliveryID` bigint(20) NOT NULL,
  `LineID` bigint(20) NOT NULL,
  `Latitude` float DEFAULT NULL,
  `Longitude` float DEFAULT NULL,
  `CreationDate` datetime DEFAULT NULL
) ENGINE=MyISAM DEFAULT CHARSET=latin1;

--
-- Dumping data for table `ed_driverposition`
--

INSERT INTO `ed_driverposition` (`id`, `CompanyID`, `DeliveryID`, `LineID`, `Latitude`, `Longitude`, `CreationDate`) VALUES
(15, 1, 14, 1, 38.6955, -9.34698, '2016-11-01 00:00:00'),
(14, 1, 14, 1, 38.6956, -9.34692, '2016-11-01 00:00:00'),
(13, 1, 14, 1, 38.6956, -9.34692, '2016-11-01 00:00:00'),
(12, 1, 14, 1, 38.6956, -9.34692, '2016-11-01 00:00:00'),
(11, 1, 14, 1, 38.6957, -9.34698, '2016-11-01 00:00:00'),
(10, 1, 3, 1, 10, 20, '2016-09-27 00:00:00'),
(9, 1, 3, 1, 10, 20, '2016-09-27 00:00:00'),
(8, 1, 3, 1, 10, 20, '2016-09-27 00:00:00'),
(7, 1, 3, 1, 10, 20, '2016-09-27 00:00:00'),
(6, 1, 3, 1, 10, 20, '2016-09-27 00:00:00'),
(5, 1, 3, 1, 10, 20, '2016-09-27 00:00:00'),
(4, 1, 3, 1, 10, 20, '2016-09-27 00:00:00'),
(3, 1, 3, 1, 10, 20, '2016-09-27 00:00:00'),
(2, 1, 3, 1, 10, 20, '2016-09-27 00:00:00'),
(1, 1, 3, 1, 10, 20, '2016-09-27 00:00:00'),
(16, 1, 14, 1, 38.6956, -9.34697, '2016-11-01 00:00:00'),
(17, 1, 14, 1, 38.6956, -9.34695, '2016-11-01 00:00:00'),
(18, 1, 14, 1, 38.6956, -9.34692, '2016-11-01 00:00:00'),
(19, 1, 14, 1, 38.6956, -9.34692, '2016-11-01 00:00:00'),
(20, 1, 14, 1, 38.6956, -9.34692, '2016-11-01 00:00:00'),
(21, 1, 14, 1, 38.6957, -9.34693, '2016-11-01 00:00:00'),
(22, 1, 14, 1, 38.6957, -9.34693, '2016-11-01 00:00:00'),
(23, 1, 14, 1, 38.6957, -9.34693, '2016-11-01 00:00:00'),
(24, 1, 14, 1, 38.6957, -9.34693, '2016-11-01 00:00:00'),
(25, 1, 14, 1, 38.6957, -9.34693, '2016-11-01 00:00:00'),
(26, 1, 14, 1, 38.6957, -9.34693, '2016-11-01 00:00:00'),
(27, 1, 14, 1, 38.6956, -9.34694, '2016-11-01 00:00:00'),
(28, 1, 14, 1, 38.6956, -9.34694, '2016-11-01 00:00:00'),
(29, 1, 14, 1, 38.6956, -9.34694, '2016-11-01 00:00:00'),
(30, 1, 14, 1, 38.6957, -9.34693, '2016-11-01 00:00:00'),
(31, 1, 14, 1, 38.6957, -9.34693, '2016-11-01 00:00:00'),
(32, 1, 14, 1, 38.6957, -9.34693, '2016-11-01 00:00:00'),
(33, 1, 14, 1, 38.6957, -9.34693, '2016-11-01 00:00:00'),
(34, 1, 14, 1, 38.6957, -9.34692, '2016-11-01 00:00:00'),
(35, 1, 14, 1, 38.6956, -9.34692, '2016-11-01 00:00:00'),
(36, 1, 14, 1, 38.6956, -9.34692, '2016-11-01 00:00:00'),
(37, 1, 14, 1, 38.6956, -9.34692, '2016-11-01 00:00:00'),
(38, 1, 14, 1, 38.6956, -9.34692, '2016-11-01 00:00:00'),
(39, 1, 14, 1, 38.6956, -9.34692, '2016-11-01 00:00:00'),
(40, 1, 14, 1, 38.6956, -9.34692, '2016-11-01 00:00:00'),
(41, 1, 14, 1, 38.6956, -9.34692, '2016-11-01 00:00:00'),
(42, 1, 14, 1, 38.6956, -9.34692, '2016-11-01 00:00:00'),
(43, 1, 14, 1, 38.6956, -9.34692, '2016-11-01 00:00:00'),
(44, 1, 14, 1, 38.6956, -9.34692, '2016-11-01 00:00:00'),
(45, 1, 14, 1, 38.6957, -9.34697, '2016-11-01 00:00:00'),
(46, 1, 14, 1, 38.6957, -9.34697, '2016-11-01 00:00:00'),
(47, 1, 14, 1, 38.6957, -9.34697, '2016-11-01 00:00:00'),
(48, 1, 14, 1, 38.6957, -9.34697, '2016-11-01 00:00:00'),
(49, 1, 14, 1, 38.6956, -9.34697, '2016-11-01 00:00:00'),
(50, 1, 14, 1, 38.6956, -9.34697, '2016-11-01 00:00:00'),
(51, 1, 14, 1, 38.6956, -9.34697, '2016-11-01 00:00:00'),
(52, 1, 14, 1, 38.6956, -9.34697, '2016-11-01 00:00:00'),
(53, 1, 14, 1, 38.6956, -9.34697, '2016-11-01 00:00:00'),
(54, 1, 14, 1, 38.6957, -9.34693, '2016-11-01 00:00:00'),
(55, 1, 14, 1, 38.6957, -9.34693, '2016-11-01 00:00:00'),
(56, 1, 14, 1, 38.6957, -9.34693, '2016-11-01 00:00:00'),
(57, 1, 14, 1, 38.6957, -9.34693, '2016-11-01 00:00:00'),
(58, 1, 14, 1, 38.6957, -9.34693, '2016-11-01 00:00:00'),
(59, 1, 14, 1, 38.6957, -9.34693, '2016-11-01 00:00:00'),
(60, 1, 14, 1, 38.6957, -9.34693, '2016-11-01 00:00:00'),
(61, 1, 14, 1, 38.6956, -9.34691, '2016-11-01 00:00:00'),
(62, 1, 14, 1, 38.6956, -9.34691, '2016-11-01 00:00:00'),
(63, 1, 14, 1, 38.6956, -9.34692, '2016-11-01 00:00:00'),
(64, 1, 14, 1, 38.6955, -9.34693, '2016-11-01 00:00:00'),
(65, 1, 14, 1, 38.6955, -9.34692, '2016-11-01 00:00:00'),
(66, 1, 14, 1, 38.6955, -9.3469, '2016-11-01 00:00:00'),
(67, 1, 14, 1, 38.6955, -9.34689, '2016-11-01 00:00:00'),
(68, 1, 14, 1, 38.6955, -9.34688, '2016-11-01 00:00:00'),
(69, 1, 14, 1, 38.6955, -9.34686, '2016-11-01 00:00:00'),
(70, 1, 14, 1, 38.6956, -9.34687, '2016-11-01 00:00:00'),
(71, 1, 14, 1, 38.6956, -9.34687, '2016-11-01 00:00:00'),
(72, 1, 14, 1, 38.6956, -9.34687, '2016-11-01 00:00:00'),
(73, 1, 14, 1, 38.6956, -9.34687, '2016-11-01 00:00:00'),
(74, 1, 14, 1, 38.6956, -9.34687, '2016-11-01 00:00:00'),
(75, 1, 14, 1, 38.6956, -9.34688, '2016-11-01 00:00:00'),
(76, 1, 14, 1, 38.6956, -9.3469, '2016-11-01 00:00:00'),
(77, 1, 14, 1, 38.6956, -9.34695, '2016-11-01 00:00:00'),
(78, 1, 14, 1, 38.6957, -9.34696, '2016-11-01 00:00:00'),
(79, 1, 14, 1, 38.6957, -9.3469, '2016-11-01 00:00:00'),
(80, 1, 14, 1, 38.6957, -9.34691, '2016-11-01 00:00:00'),
(81, 1, 14, 1, 38.6957, -9.34696, '2016-11-01 00:00:00'),
(82, 1, 14, 1, 38.6957, -9.34698, '2016-11-01 00:00:00'),
(83, 1, 14, 1, 38.6957, -9.34697, '2016-11-01 00:00:00'),
(84, 1, 14, 1, 38.6958, -9.34693, '2016-11-01 00:00:00'),
(85, 1, 14, 1, 38.6958, -9.34691, '2016-11-01 00:00:00'),
(86, 1, 14, 1, 38.6957, -9.34692, '2016-11-01 00:00:00'),
(87, 1, 14, 1, 38.6957, -9.34688, '2016-11-01 00:00:00'),
(88, 1, 14, 1, 38.6957, -9.34686, '2016-11-01 00:00:00'),
(89, 1, 14, 1, 38.6956, -9.34686, '2016-11-01 00:00:00'),
(90, 1, 14, 1, 38.6957, -9.34688, '2016-11-01 00:00:00'),
(91, 1, 14, 1, 38.6956, -9.3469, '2016-11-01 00:00:00'),
(92, 1, 14, 1, 38.6956, -9.34692, '2016-11-01 00:00:00'),
(93, 1, 14, 1, 38.6956, -9.34692, '2016-11-01 00:00:00'),
(94, 1, 14, 1, 38.6956, -9.34691, '2016-11-01 00:00:00'),
(95, 1, 14, 1, 38.6956, -9.34693, '2016-11-01 00:00:00'),
(96, 1, 14, 1, 38.6956, -9.34698, '2016-11-01 00:00:00'),
(97, 1, 14, 1, 38.6956, -9.347, '2016-11-01 00:00:00'),
(98, 1, 14, 1, 38.6956, -9.34698, '2016-11-01 00:00:00'),
(99, 1, 14, 1, 38.6956, -9.34699, '2016-11-01 00:00:00'),
(100, 1, 14, 1, 38.6956, -9.34698, '2016-11-01 00:00:00'),
(101, 1, 14, 1, 38.6957, -9.34697, '2016-11-01 00:00:00'),
(102, 1, 14, 1, 38.6957, -9.34694, '2016-11-01 00:00:00'),
(103, 1, 14, 1, 38.6957, -9.34693, '2016-11-01 00:00:00'),
(104, 1, 14, 1, 38.6956, -9.34695, '2016-11-01 00:00:00'),
(105, 1, 14, 1, 38.6956, -9.347, '2016-11-01 00:00:00'),
(106, 1, 14, 1, 38.6956, -9.34697, '2016-11-01 00:00:00'),
(107, 1, 14, 1, 38.6956, -9.34693, '2016-11-01 00:00:00'),
(108, 1, 14, 1, 38.6956, -9.34698, '2016-11-01 00:00:00'),
(109, 1, 14, 1, 38.6956, -9.347, '2016-11-01 00:00:00'),
(110, 1, 14, 1, 38.6956, -9.34699, '2016-11-01 00:00:00'),
(111, 1, 14, 1, 38.6956, -9.34696, '2016-11-01 00:00:00'),
(112, 1, 14, 1, 38.6956, -9.34702, '2016-11-01 00:00:00'),
(113, 1, 14, 1, 38.6956, -9.34703, '2016-11-01 00:00:00'),
(114, 1, 14, 1, 38.6956, -9.34697, '2016-11-01 00:00:00'),
(115, 1, 14, 1, 38.6956, -9.34694, '2016-11-01 00:00:00'),
(116, 1, 14, 1, 38.6957, -9.34696, '2016-11-01 00:00:00'),
(117, 1, 14, 1, 38.6957, -9.34696, '2016-11-01 00:00:00'),
(118, 1, 14, 1, 38.6957, -9.34694, '2016-11-01 00:00:00'),
(119, 1, 14, 1, 38.6957, -9.34691, '2016-11-01 00:00:00'),
(120, 1, 14, 1, 38.6957, -9.34684, '2016-11-01 00:00:00'),
(121, 1, 14, 1, 38.6958, -9.34674, '2016-11-01 00:00:00'),
(122, 1, 14, 1, 38.6958, -9.34671, '2016-11-01 00:00:00'),
(123, 1, 14, 1, 38.6958, -9.34674, '2016-11-01 00:00:00'),
(124, 1, 14, 1, 38.6957, -9.34675, '2016-11-01 00:00:00'),
(125, 1, 14, 1, 38.6957, -9.34676, '2016-11-01 00:00:00'),
(126, 1, 14, 1, 38.6957, -9.34676, '2016-11-01 00:00:00'),
(127, 1, 14, 1, 38.6957, -9.34678, '2016-11-01 00:00:00'),
(128, 1, 14, 1, 38.6957, -9.34679, '2016-11-01 00:00:00'),
(129, 1, 14, 1, 38.6957, -9.34684, '2016-11-01 00:00:00'),
(130, 1, 14, 1, 38.6957, -9.34688, '2016-11-01 00:00:00'),
(131, 1, 14, 1, 38.6956, -9.34692, '2016-11-01 00:00:00'),
(132, 1, 14, 1, 38.6956, -9.34694, '2016-11-01 00:00:00'),
(133, 1, 14, 1, 38.6956, -9.34694, '2016-11-01 00:00:00'),
(134, 1, 14, 1, 38.6956, -9.34698, '2016-11-01 00:00:00'),
(135, 1, 14, 1, 38.6956, -9.34698, '2016-11-01 00:00:00'),
(136, 1, 14, 1, 38.6956, -9.34695, '2016-11-01 00:00:00'),
(137, 1, 14, 1, 38.6956, -9.34696, '2016-11-01 00:00:00'),
(138, 1, 14, 1, 38.6955, -9.34702, '2016-11-01 00:00:00'),
(139, 1, 14, 1, 38.6955, -9.34709, '2016-11-01 00:00:00'),
(140, 1, 14, 1, 38.6955, -9.34705, '2016-11-01 00:00:00'),
(141, 1, 14, 1, 38.6955, -9.34697, '2016-11-01 00:00:00'),
(142, 1, 14, 1, 38.6956, -9.34691, '2016-11-01 00:00:00'),
(143, 1, 14, 1, 38.6957, -9.34689, '2016-11-01 00:00:00'),
(144, 1, 14, 1, 38.6958, -9.34689, '2016-11-01 00:00:00'),
(145, 1, 14, 1, 38.6957, -9.34694, '2016-11-01 00:00:00'),
(146, 1, 14, 1, 38.6957, -9.34697, '2016-11-01 00:00:00'),
(147, 1, 14, 1, 38.6957, -9.34698, '2016-11-01 00:00:00'),
(148, 1, 14, 1, 38.6957, -9.34694, '2016-11-01 00:00:00'),
(149, 1, 14, 1, 38.6958, -9.34691, '2016-11-01 00:00:00'),
(150, 1, 14, 1, 38.6958, -9.34688, '2016-11-01 00:00:00'),
(151, 1, 14, 1, 38.6959, -9.34688, '2016-11-01 00:00:00'),
(152, 1, 14, 1, 38.6959, -9.34687, '2016-11-01 00:00:00'),
(153, 1, 14, 1, 38.6958, -9.34689, '2016-11-01 00:00:00'),
(154, 1, 14, 1, 38.6958, -9.34686, '2016-11-01 00:00:00'),
(155, 1, 14, 1, 38.6957, -9.34694, '2016-11-01 00:00:00'),
(156, 1, 14, 1, 38.6956, -9.34695, '2016-11-01 00:00:00'),
(157, 1, 14, 1, 38.6957, -9.34694, '2016-11-01 00:00:00'),
(158, 1, 14, 1, 38.6957, -9.34692, '2016-11-01 00:00:00'),
(159, 1, 14, 1, 38.6958, -9.34691, '2016-11-01 00:00:00'),
(160, 1, 14, 1, 38.6958, -9.34691, '2016-11-01 00:00:00'),
(161, 1, 14, 1, 38.6958, -9.34689, '2016-11-01 00:00:00'),
(162, 1, 14, 1, 38.6958, -9.34688, '2016-11-01 00:00:00'),
(163, 1, 14, 1, 38.6958, -9.34687, '2016-11-01 00:00:00'),
(164, 1, 14, 1, 38.6958, -9.34687, '2016-11-01 00:00:00'),
(165, 1, 14, 1, 38.6957, -9.34687, '2016-11-01 00:00:00'),
(166, 1, 14, 1, 38.6957, -9.34687, '2016-11-01 00:00:00'),
(167, 1, 14, 1, 38.6957, -9.34687, '2016-11-01 00:00:00'),
(168, 1, 14, 1, 38.6957, -9.34686, '2016-11-01 00:00:00'),
(169, 1, 14, 1, 38.6958, -9.34686, '2016-11-01 00:00:00'),
(170, 1, 14, 1, 38.6958, -9.34687, '2016-11-01 00:00:00'),
(171, 1, 14, 1, 38.6958, -9.3469, '2016-11-01 00:00:00'),
(172, 1, 14, 1, 38.6957, -9.34692, '2016-11-01 00:00:00'),
(173, 1, 14, 1, 38.6957, -9.34694, '2016-11-01 00:00:00'),
(174, 1, 14, 1, 38.6957, -9.34692, '2016-11-01 00:00:00'),
(175, 1, 14, 1, 38.6957, -9.34693, '2016-11-01 00:00:00'),
(176, 1, 14, 1, 38.6956, -9.34692, '2016-11-01 00:00:00'),
(177, 1, 14, 1, 38.6956, -9.34694, '2016-11-01 00:00:00'),
(178, 1, 14, 1, 38.6956, -9.34694, '2016-11-01 00:00:00'),
(179, 1, 14, 1, 38.6957, -9.34684, '2016-11-01 00:00:00'),
(180, 1, 14, 1, 38.6957, -9.34688, '2016-11-01 00:00:00'),
(181, 1, 14, 1, 38.6957, -9.3469, '2016-11-01 00:00:00'),
(182, 1, 14, 1, 38.6957, -9.3469, '2016-11-01 00:00:00'),
(183, 1, 14, 1, 38.6957, -9.34692, '2016-11-01 00:00:00'),
(184, 1, 14, 1, 38.6958, -9.34693, '2016-11-01 00:00:00'),
(185, 1, 14, 1, 38.6958, -9.34695, '2016-11-01 00:00:00'),
(186, 1, 14, 1, 38.6957, -9.34696, '2016-11-01 00:00:00'),
(187, 1, 14, 1, 38.6956, -9.34692, '2016-11-01 00:00:00'),
(188, 1, 14, 1, 38.6957, -9.34691, '2016-11-01 00:00:00'),
(189, 1, 14, 1, 38.6957, -9.34692, '2016-11-01 00:00:00'),
(190, 1, 14, 1, 38.6958, -9.34691, '2016-11-01 00:00:00'),
(191, 1, 14, 1, 38.6958, -9.34691, '2016-11-01 00:00:00'),
(192, 1, 14, 1, 38.6958, -9.34689, '2016-11-01 00:00:00'),
(193, 1, 14, 1, 38.6958, -9.34688, '2016-11-01 00:00:00'),
(194, 1, 14, 1, 38.6958, -9.34689, '2016-11-01 00:00:00'),
(195, 1, 14, 1, 38.6958, -9.34692, '2016-11-01 00:00:00'),
(196, 1, 14, 1, 38.6958, -9.34693, '2016-11-01 00:00:00'),
(197, 1, 14, 1, 38.6959, -9.34692, '2016-11-01 00:00:00'),
(198, 1, 14, 1, 38.6959, -9.34692, '2016-11-01 00:00:00'),
(199, 1, 14, 1, 38.6957, -9.34694, '2016-11-01 00:00:00'),
(200, 1, 14, 1, 38.6956, -9.34692, '2016-11-01 00:00:00'),
(201, 1, 14, 1, 38.6956, -9.34703, '2016-11-01 00:00:00'),
(202, 1, 14, 1, 38.6956, -9.34698, '2016-11-01 00:00:00'),
(203, 1, 14, 1, 38.6956, -9.34689, '2016-11-01 00:00:00'),
(204, 1, 14, 1, 38.6956, -9.3469, '2016-11-01 00:00:00'),
(205, 1, 14, 1, 38.6956, -9.34691, '2016-11-01 00:00:00'),
(206, 1, 14, 1, 38.6956, -9.3469, '2016-11-01 00:00:00'),
(207, 1, 14, 1, 38.6956, -9.34691, '2016-11-01 00:00:00'),
(208, 1, 14, 1, 38.6955, -9.34692, '2016-11-01 00:00:00'),
(209, 1, 14, 1, 38.6956, -9.34695, '2016-11-01 00:00:00'),
(210, 1, 14, 1, 38.6957, -9.34695, '2016-11-01 00:00:00'),
(211, 1, 14, 1, 38.6957, -9.34693, '2016-11-01 00:00:00'),
(212, 1, 14, 1, 38.6957, -9.34693, '2016-11-01 00:00:00'),
(213, 1, 14, 1, 38.6956, -9.34692, '2016-11-01 00:00:00'),
(214, 1, 14, 1, 38.6956, -9.3469, '2016-11-01 00:00:00'),
(215, 1, 14, 1, 38.6956, -9.34692, '2016-11-01 00:00:00'),
(216, 1, 14, 1, 38.6957, -9.34691, '2016-11-01 00:00:00'),
(217, 1, 14, 1, 38.6957, -9.34688, '2016-11-01 00:00:00'),
(218, 1, 14, 1, 38.6957, -9.34685, '2016-11-01 00:00:00'),
(219, 1, 14, 1, 38.6957, -9.34684, '2016-11-01 00:00:00'),
(220, 1, 14, 1, 38.6957, -9.34685, '2016-11-01 00:00:00'),
(221, 1, 14, 1, 38.6957, -9.34685, '2016-11-01 00:00:00'),
(222, 1, 14, 1, 38.6957, -9.34686, '2016-11-01 00:00:00'),
(223, 1, 14, 1, 38.6957, -9.34688, '2016-11-01 00:00:00'),
(224, 1, 14, 1, 38.6957, -9.3469, '2016-11-01 00:00:00'),
(225, 1, 14, 1, 38.6957, -9.3469, '2016-11-01 00:00:00'),
(226, 1, 14, 1, 38.6958, -9.34689, '2016-11-01 00:00:00'),
(227, 1, 14, 1, 38.6958, -9.34685, '2016-11-01 00:00:00'),
(228, 1, 14, 1, 38.6958, -9.34681, '2016-11-01 00:00:00'),
(229, 1, 14, 1, 38.6958, -9.34681, '2016-11-01 00:00:00'),
(230, 1, 14, 1, 38.6958, -9.34686, '2016-11-01 00:00:00'),
(231, 1, 14, 1, 38.6958, -9.34686, '2016-11-01 00:00:00'),
(232, 1, 14, 1, 38.6957, -9.34683, '2016-11-01 00:00:00'),
(233, 1, 14, 1, 38.6957, -9.34685, '2016-11-01 00:00:00'),
(234, 1, 14, 1, 38.6957, -9.34691, '2016-11-01 00:00:00'),
(235, 1, 14, 1, 38.6956, -9.34693, '2016-11-01 00:00:00'),
(236, 1, 14, 1, 38.6956, -9.34695, '2016-11-01 00:00:00'),
(237, 1, 14, 1, 38.6955, -9.34693, '2016-11-01 00:00:00'),
(238, 1, 14, 1, 38.6954, -9.34695, '2016-11-01 00:00:00'),
(239, 1, 14, 1, 38.6954, -9.34695, '2016-11-01 00:00:00'),
(240, 1, 14, 1, 38.6954, -9.34698, '2016-11-01 00:00:00'),
(241, 1, 14, 1, 38.6954, -9.347, '2016-11-01 00:00:00'),
(242, 1, 14, 1, 38.6952, -9.34701, '2016-11-01 00:00:00'),
(243, 1, 14, 1, 38.6952, -9.34698, '2016-11-01 00:00:00'),
(244, 1, 14, 1, 38.6954, -9.34691, '2016-11-01 00:00:00'),
(245, 1, 14, 1, 38.6954, -9.3469, '2016-11-01 00:00:00'),
(246, 1, 14, 1, 38.6955, -9.34689, '2016-11-01 00:00:00'),
(247, 1, 14, 1, 38.6955, -9.34689, '2016-11-01 00:00:00'),
(248, 1, 14, 1, 38.6955, -9.34689, '2016-11-01 00:00:00'),
(249, 1, 14, 1, 38.6955, -9.3469, '2016-11-01 00:00:00'),
(250, 1, 14, 1, 38.6955, -9.34691, '2016-11-01 00:00:00'),
(251, 1, 14, 1, 38.6956, -9.34693, '2016-11-01 00:00:00'),
(252, 1, 14, 1, 38.6956, -9.34692, '2016-11-01 00:00:00'),
(253, 1, 14, 1, 38.6957, -9.3469, '2016-11-01 00:00:00'),
(254, 1, 14, 1, 38.6957, -9.34688, '2016-11-01 00:00:00'),
(255, 1, 14, 1, 38.6957, -9.34688, '2016-11-01 00:00:00'),
(256, 1, 14, 1, 38.6956, -9.3469, '2016-11-01 00:00:00'),
(257, 1, 14, 1, 38.6957, -9.34691, '2016-11-01 00:00:00'),
(258, 1, 14, 1, 38.6958, -9.34688, '2016-11-01 00:00:00'),
(259, 1, 14, 1, 38.6959, -9.34688, '2016-11-01 00:00:00'),
(260, 1, 14, 1, 38.6959, -9.34687, '2016-11-01 00:00:00'),
(261, 1, 14, 1, 38.6959, -9.34688, '2016-11-01 00:00:00'),
(262, 1, 14, 1, 38.6959, -9.34689, '2016-11-01 00:00:00'),
(263, 1, 14, 1, 38.6958, -9.3469, '2016-11-01 00:00:00'),
(264, 1, 14, 1, 38.6958, -9.34687, '2016-11-01 00:00:00'),
(265, 1, 14, 1, 38.6957, -9.34691, '2016-11-01 00:00:00'),
(266, 1, 14, 1, 38.6957, -9.34688, '2016-11-01 00:00:00'),
(267, 1, 14, 1, 38.6957, -9.34689, '2016-11-01 00:00:00'),
(268, 1, 14, 1, 38.6958, -9.34688, '2016-11-01 00:00:00'),
(269, 1, 14, 1, 38.6958, -9.3469, '2016-11-01 00:00:00'),
(270, 1, 14, 1, 38.6958, -9.34686, '2016-11-01 00:00:00'),
(271, 1, 14, 1, 38.6957, -9.34686, '2016-11-01 00:00:00'),
(272, 1, 14, 1, 38.6957, -9.34688, '2016-11-01 00:00:00'),
(273, 1, 14, 1, 38.6958, -9.34689, '2016-11-01 00:00:00'),
(274, 1, 14, 1, 38.6958, -9.34691, '2016-11-01 00:00:00'),
(275, 1, 14, 1, 38.6958, -9.34688, '2016-11-01 00:00:00'),
(276, 1, 14, 1, 38.6958, -9.34687, '2016-11-01 00:00:00'),
(277, 1, 14, 1, 38.6958, -9.3469, '2016-11-01 00:00:00'),
(278, 1, 14, 1, 38.6958, -9.34694, '2016-11-01 00:00:00'),
(279, 1, 14, 1, 38.6957, -9.34695, '2016-11-01 00:00:00'),
(280, 1, 14, 1, 38.6957, -9.34692, '2016-11-01 00:00:00'),
(281, 1, 14, 1, 38.6957, -9.34694, '2016-11-01 00:00:00'),
(282, 1, 14, 1, 38.6957, -9.34694, '2016-11-01 00:00:00'),
(283, 1, 14, 1, 38.6958, -9.34692, '2016-11-01 00:00:00'),
(284, 1, 14, 1, 38.6958, -9.34694, '2016-11-01 00:00:00'),
(285, 1, 14, 1, 38.6958, -9.34694, '2016-11-01 00:00:00'),
(286, 1, 14, 1, 38.6958, -9.34693, '2016-11-01 00:00:00'),
(287, 1, 14, 1, 38.6959, -9.34692, '2016-11-01 00:00:00'),
(288, 1, 14, 1, 38.6959, -9.34693, '2016-11-01 00:00:00'),
(289, 1, 14, 1, 38.6959, -9.34691, '2016-11-01 00:00:00'),
(290, 1, 14, 1, 38.6959, -9.34688, '2016-11-01 00:00:00'),
(291, 1, 14, 1, 38.6959, -9.34687, '2016-11-01 00:00:00'),
(292, 1, 14, 1, 38.6959, -9.34687, '2016-11-01 00:00:00'),
(293, 1, 14, 1, 38.6959, -9.34687, '2016-11-01 00:00:00'),
(294, 1, 14, 1, 38.6959, -9.34686, '2016-11-01 00:00:00'),
(295, 1, 14, 1, 38.6959, -9.34688, '2016-11-01 00:00:00'),
(296, 1, 14, 1, 38.6959, -9.34687, '2016-11-01 00:00:00'),
(297, 1, 14, 1, 38.6959, -9.34686, '2016-11-01 00:00:00'),
(298, 1, 14, 1, 38.6958, -9.34688, '2016-11-01 00:00:00'),
(299, 1, 14, 1, 38.6958, -9.34691, '2016-11-01 00:00:00'),
(300, 1, 14, 1, 38.6958, -9.3469, '2016-11-01 00:00:00'),
(301, 1, 14, 1, 38.6957, -9.34688, '2016-11-01 00:00:00'),
(302, 1, 14, 1, 38.6957, -9.34688, '2016-11-01 00:00:00'),
(303, 1, 14, 1, 38.6957, -9.3469, '2016-11-01 00:00:00'),
(304, 1, 14, 1, 38.6957, -9.3469, '2016-11-01 00:00:00'),
(305, 1, 14, 1, 38.6957, -9.34691, '2016-11-01 00:00:00'),
(306, 1, 14, 1, 38.6957, -9.34691, '2016-11-01 00:00:00'),
(307, 1, 14, 1, 38.6958, -9.3469, '2016-11-01 00:00:00'),
(308, 1, 14, 1, 38.6957, -9.34688, '2016-11-01 00:00:00'),
(309, 1, 14, 1, 38.6957, -9.34688, '2016-11-01 00:00:00'),
(310, 1, 14, 1, 38.6958, -9.34685, '2016-11-01 00:00:00'),
(311, 1, 14, 1, 38.6958, -9.34685, '2016-11-01 00:00:00'),
(312, 1, 14, 1, 38.6958, -9.34686, '2016-11-01 00:00:00'),
(313, 1, 14, 1, 38.6958, -9.34689, '2016-11-01 00:00:00'),
(314, 1, 14, 1, 38.6958, -9.3469, '2016-11-01 00:00:00'),
(315, 1, 14, 1, 38.6958, -9.34691, '2016-11-01 00:00:00'),
(316, 1, 14, 1, 38.6958, -9.3469, '2016-11-01 00:00:00'),
(317, 1, 14, 1, 38.6958, -9.3469, '2016-11-01 00:00:00'),
(318, 1, 14, 1, 38.6958, -9.34693, '2016-11-01 00:00:00'),
(319, 1, 14, 1, 38.6958, -9.34691, '2016-11-01 00:00:00'),
(320, 1, 14, 1, 38.6958, -9.34692, '2016-11-01 00:00:00'),
(321, 1, 14, 1, 38.6958, -9.34694, '2016-11-01 00:00:00'),
(322, 1, 14, 1, 38.6958, -9.34692, '2016-11-01 00:00:00'),
(323, 1, 14, 1, 38.6959, -9.3469, '2016-11-01 00:00:00'),
(324, 1, 14, 1, 38.6959, -9.34693, '2016-11-01 00:00:00'),
(325, 1, 14, 1, 38.6959, -9.34693, '2016-11-01 00:00:00'),
(326, 1, 14, 1, 38.6958, -9.34695, '2016-11-01 00:00:00'),
(327, 1, 14, 1, 38.6958, -9.347, '2016-11-01 00:00:00'),
(328, 1, 14, 1, 38.6958, -9.34702, '2016-11-01 00:00:00'),
(329, 1, 14, 1, 38.6958, -9.347, '2016-11-01 00:00:00'),
(330, 1, 14, 1, 38.6958, -9.34695, '2016-11-01 00:00:00'),
(331, 1, 14, 1, 38.6958, -9.34687, '2016-11-01 00:00:00'),
(332, 1, 14, 1, 38.6958, -9.34682, '2016-11-01 00:00:00'),
(333, 1, 14, 1, 38.6958, -9.3468, '2016-11-01 00:00:00'),
(334, 1, 14, 1, 38.6958, -9.34679, '2016-11-01 00:00:00'),
(335, 1, 14, 1, 38.6958, -9.34679, '2016-11-01 00:00:00'),
(336, 1, 14, 1, 38.6958, -9.34679, '2016-11-01 00:00:00'),
(337, 1, 14, 1, 38.6958, -9.34679, '2016-11-01 00:00:00'),
(338, 1, 14, 1, 38.6958, -9.3469, '2016-11-01 00:00:00'),
(339, 1, 14, 1, 38.6958, -9.34687, '2016-11-01 00:00:00'),
(340, 1, 14, 1, 38.6958, -9.34686, '2016-11-01 00:00:00'),
(341, 1, 14, 1, 38.6958, -9.34691, '2016-11-01 00:00:00'),
(342, 1, 14, 1, 38.6958, -9.34694, '2016-11-01 00:00:00'),
(343, 1, 14, 1, 38.6958, -9.34694, '2016-11-01 00:00:00'),
(344, 1, 14, 1, 38.6958, -9.34695, '2016-11-01 00:00:00'),
(345, 1, 14, 1, 38.6958, -9.34693, '2016-11-01 00:00:00'),
(346, 1, 14, 1, 38.6958, -9.3469, '2016-11-01 00:00:00'),
(347, 1, 14, 1, 38.6958, -9.34688, '2016-11-01 00:00:00'),
(348, 1, 14, 1, 38.6958, -9.34694, '2016-11-01 00:00:00'),
(349, 1, 14, 1, 38.6958, -9.34697, '2016-11-01 00:00:00'),
(350, 1, 14, 1, 38.6958, -9.34696, '2016-11-01 00:00:00'),
(351, 1, 14, 1, 38.6958, -9.34699, '2016-11-01 00:00:00'),
(352, 1, 14, 1, 38.6958, -9.347, '2016-11-01 00:00:00'),
(353, 1, 14, 1, 38.6958, -9.34694, '2016-11-01 00:00:00'),
(354, 1, 14, 1, 38.6958, -9.34694, '2016-11-01 00:00:00'),
(355, 1, 14, 1, 38.6958, -9.34697, '2016-11-01 00:00:00'),
(356, 1, 14, 1, 38.6958, -9.34699, '2016-11-01 00:00:00'),
(357, 1, 14, 1, 38.6958, -9.347, '2016-11-01 00:00:00'),
(358, 1, 14, 1, 38.6958, -9.34699, '2016-11-01 00:00:00'),
(359, 1, 14, 1, 38.6958, -9.34703, '2016-11-01 00:00:00'),
(360, 1, 14, 1, 38.6958, -9.34702, '2016-11-01 00:00:00'),
(361, 1, 14, 1, 38.6958, -9.34702, '2016-11-01 00:00:00'),
(362, 1, 14, 1, 38.6958, -9.34701, '2016-11-01 00:00:00'),
(363, 1, 14, 1, 38.6958, -9.34699, '2016-11-01 00:00:00'),
(364, 1, 14, 1, 38.6958, -9.34699, '2016-11-01 00:00:00'),
(365, 1, 14, 1, 38.6958, -9.34699, '2016-11-01 00:00:00'),
(366, 1, 14, 1, 38.6957, -9.347, '2016-11-01 00:00:00'),
(367, 1, 14, 1, 38.6957, -9.34695, '2016-11-01 00:00:00'),
(368, 1, 14, 1, 38.6957, -9.3469, '2016-11-01 00:00:00'),
(369, 1, 14, 1, 38.6957, -9.34688, '2016-11-01 00:00:00'),
(370, 1, 14, 1, 38.6957, -9.34689, '2016-11-01 00:00:00'),
(371, 1, 14, 1, 38.6957, -9.3469, '2016-11-01 00:00:00'),
(372, 1, 14, 1, 38.6957, -9.34699, '2016-11-01 00:00:00'),
(373, 1, 14, 1, 38.6958, -9.34698, '2016-11-01 00:00:00'),
(374, 1, 14, 1, 38.6958, -9.34697, '2016-11-01 00:00:00'),
(375, 1, 14, 1, 38.6958, -9.34697, '2016-11-01 00:00:00'),
(376, 1, 14, 1, 38.6958, -9.34694, '2016-11-01 00:00:00'),
(377, 1, 14, 1, 38.6958, -9.34695, '2016-11-01 00:00:00'),
(378, 1, 14, 1, 38.6958, -9.34692, '2016-11-01 00:00:00'),
(379, 1, 14, 1, 38.6958, -9.34694, '2016-11-01 00:00:00'),
(380, 1, 14, 1, 38.6958, -9.34695, '2016-11-01 00:00:00'),
(381, 1, 14, 1, 38.6956, -9.34685, '2016-11-01 00:00:00'),
(382, 1, 14, 1, 38.6956, -9.34691, '2016-11-01 00:00:00'),
(383, 1, 14, 1, 38.6957, -9.34695, '2016-11-01 00:00:00'),
(384, 1, 14, 1, 38.6957, -9.34698, '2016-11-01 00:00:00'),
(385, 1, 14, 1, 38.6958, -9.347, '2016-11-01 00:00:00'),
(386, 1, 14, 1, 38.6957, -9.34699, '2016-11-01 00:00:00'),
(387, 1, 14, 1, 38.6957, -9.34701, '2016-11-01 00:00:00'),
(388, 1, 14, 1, 38.6957, -9.34698, '2016-11-01 00:00:00'),
(389, 1, 14, 1, 38.6957, -9.34696, '2016-11-01 00:00:00'),
(390, 1, 14, 1, 38.6956, -9.34692, '2016-11-01 00:00:00'),
(391, 1, 14, 1, 38.6956, -9.34695, '2016-11-01 00:00:00'),
(392, 1, 14, 1, 38.6956, -9.34694, '2016-11-01 00:00:00'),
(393, 1, 14, 1, 38.6956, -9.34693, '2016-11-01 00:00:00'),
(394, 1, 14, 1, 38.6956, -9.34693, '2016-11-01 00:00:00'),
(395, 1, 14, 1, 38.6956, -9.34692, '2016-11-01 00:00:00'),
(396, 1, 14, 1, 38.6957, -9.34689, '2016-11-01 00:00:00'),
(397, 1, 14, 1, 38.6957, -9.34687, '2016-11-01 00:00:00'),
(398, 1, 14, 1, 38.6957, -9.34687, '2016-11-01 00:00:00'),
(399, 1, 14, 1, 38.6957, -9.34687, '2016-11-01 00:00:00'),
(400, 1, 14, 1, 38.6957, -9.34689, '2016-11-01 00:00:00'),
(401, 1, 14, 1, 38.6957, -9.34691, '2016-11-01 00:00:00'),
(402, 1, 14, 1, 38.6957, -9.34695, '2016-11-01 00:00:00'),
(403, 1, 14, 1, 38.6957, -9.34696, '2016-11-01 00:00:00'),
(404, 1, 14, 1, 38.6958, -9.34694, '2016-11-01 00:00:00'),
(405, 1, 14, 1, 38.6958, -9.34691, '2016-11-01 00:00:00'),
(406, 1, 14, 1, 38.6958, -9.34691, '2016-11-01 00:00:00'),
(407, 1, 14, 1, 38.6958, -9.34696, '2016-11-01 00:00:00'),
(408, 1, 14, 1, 38.6958, -9.34694, '2016-11-01 00:00:00'),
(409, 1, 14, 1, 38.6958, -9.34696, '2016-11-01 00:00:00'),
(410, 1, 14, 1, 38.6958, -9.3469, '2016-11-01 00:00:00'),
(411, 1, 14, 1, 38.6957, -9.34694, '2016-11-01 00:00:00'),
(412, 1, 14, 1, 38.6958, -9.34694, '2016-11-01 00:00:00'),
(413, 1, 14, 1, 38.6958, -9.34692, '2016-11-01 00:00:00'),
(414, 1, 14, 1, 38.6957, -9.34697, '2016-11-01 00:00:00'),
(415, 1, 14, 1, 38.6958, -9.34701, '2016-11-01 00:00:00'),
(416, 1, 14, 1, 38.6957, -9.34705, '2016-11-01 00:00:00'),
(417, 1, 14, 1, 38.6957, -9.34704, '2016-11-01 00:00:00'),
(418, 1, 14, 1, 38.6958, -9.347, '2016-11-01 00:00:00'),
(419, 1, 14, 1, 38.6958, -9.34685, '2016-11-01 00:00:00'),
(420, 1, 14, 1, 38.6959, -9.34685, '2016-11-01 00:00:00'),
(421, 1, 14, 1, 38.6959, -9.34688, '2016-11-01 00:00:00'),
(422, 1, 14, 1, 38.6959, -9.34694, '2016-11-01 00:00:00'),
(423, 1, 14, 1, 38.6959, -9.34699, '2016-11-01 00:00:00'),
(424, 1, 14, 1, 38.6959, -9.347, '2016-11-01 00:00:00'),
(425, 1, 14, 1, 38.6959, -9.34706, '2016-11-01 00:00:00'),
(426, 1, 14, 1, 38.6958, -9.34717, '2016-11-01 00:00:00'),
(427, 1, 14, 1, 38.6958, -9.34718, '2016-11-01 00:00:00'),
(428, 1, 14, 1, 38.6958, -9.34714, '2016-11-01 00:00:00'),
(429, 1, 14, 1, 38.6958, -9.34714, '2016-11-01 00:00:00'),
(430, 1, 14, 1, 38.6958, -9.34708, '2016-11-01 00:00:00'),
(431, 1, 14, 1, 38.6958, -9.34702, '2016-11-01 00:00:00'),
(432, 1, 14, 1, 38.6958, -9.34699, '2016-11-01 00:00:00'),
(433, 1, 14, 1, 38.6957, -9.34697, '2016-11-01 00:00:00'),
(434, 1, 14, 1, 38.6958, -9.34697, '2016-11-01 00:00:00'),
(435, 1, 14, 1, 38.6957, -9.34694, '2016-11-01 00:00:00'),
(436, 1, 14, 1, 38.6957, -9.34694, '2016-11-01 00:00:00'),
(437, 1, 14, 1, 38.6958, -9.34691, '2016-11-01 00:00:00'),
(438, 1, 14, 1, 38.6958, -9.34696, '2016-11-01 00:00:00'),
(439, 1, 14, 1, 38.6957, -9.34694, '2016-11-01 00:00:00'),
(440, 1, 14, 1, 38.6957, -9.34695, '2016-11-01 00:00:00'),
(441, 1, 14, 1, 38.6957, -9.34694, '2016-11-01 00:00:00'),
(442, 1, 14, 1, 38.6957, -9.34692, '2016-11-01 00:00:00'),
(443, 1, 14, 1, 38.6958, -9.34696, '2016-11-01 00:00:00'),
(444, 1, 14, 1, 38.6957, -9.34693, '2016-11-01 00:00:00'),
(445, 1, 14, 1, 38.6957, -9.34695, '2016-11-01 00:00:00'),
(446, 1, 14, 1, 38.6957, -9.34696, '2016-11-01 00:00:00'),
(447, 1, 14, 1, 38.6957, -9.34693, '2016-11-01 00:00:00'),
(448, 1, 14, 1, 38.6957, -9.34694, '2016-11-01 00:00:00'),
(449, 1, 14, 1, 38.6958, -9.34696, '2016-11-01 00:00:00'),
(450, 1, 14, 1, 38.6958, -9.34699, '2016-11-01 00:00:00'),
(451, 1, 14, 1, 38.6958, -9.34701, '2016-11-01 00:00:00'),
(452, 1, 14, 1, 38.6958, -9.34699, '2016-11-01 00:00:00'),
(453, 1, 14, 1, 38.6958, -9.34696, '2016-11-01 00:00:00'),
(454, 1, 14, 1, 38.6957, -9.34696, '2016-11-01 00:00:00'),
(455, 1, 14, 1, 38.6958, -9.34693, '2016-11-01 00:00:00'),
(456, 1, 14, 1, 38.6958, -9.34688, '2016-11-01 00:00:00'),
(457, 1, 14, 1, 38.6958, -9.34683, '2016-11-01 00:00:00'),
(458, 1, 14, 1, 38.6958, -9.34685, '2016-11-01 00:00:00'),
(459, 1, 14, 1, 38.6958, -9.34687, '2016-11-01 00:00:00'),
(460, 1, 14, 1, 38.6958, -9.34689, '2016-11-01 00:00:00'),
(461, 1, 14, 1, 38.6958, -9.34698, '2016-11-01 00:00:00'),
(462, 1, 14, 1, 38.6958, -9.34705, '2016-11-01 00:00:00'),
(463, 1, 14, 1, 38.6958, -9.34704, '2016-11-01 00:00:00'),
(464, 1, 14, 1, 38.6958, -9.34683, '2016-11-01 00:00:00'),
(465, 1, 14, 1, 38.6959, -9.34681, '2016-11-01 00:00:00'),
(466, 1, 14, 1, 38.6958, -9.34691, '2016-11-01 00:00:00'),
(467, 1, 14, 1, 38.6957, -9.34698, '2016-11-01 00:00:00'),
(468, 1, 14, 1, 38.6956, -9.34702, '2016-11-01 00:00:00'),
(469, 1, 14, 1, 38.6956, -9.347, '2016-11-01 00:00:00'),
(470, 1, 14, 1, 38.6957, -9.34701, '2016-11-01 00:00:00'),
(471, 1, 14, 1, 38.6957, -9.34704, '2016-11-01 00:00:00'),
(472, 1, 14, 1, 38.6957, -9.34707, '2016-11-01 00:00:00'),
(473, 1, 14, 1, 38.6957, -9.3471, '2016-11-01 00:00:00'),
(474, 1, 14, 1, 38.6958, -9.347, '2016-11-01 00:00:00'),
(475, 1, 14, 1, 38.6958, -9.3469, '2016-11-01 00:00:00'),
(476, 1, 14, 1, 38.6958, -9.34697, '2016-11-01 00:00:00'),
(477, 1, 14, 1, 38.6957, -9.34697, '2016-11-01 00:00:00'),
(478, 1, 14, 1, 38.6958, -9.3469, '2016-11-01 00:00:00'),
(479, 1, 14, 1, 38.6958, -9.34691, '2016-11-01 00:00:00'),
(480, 1, 14, 1, 38.6957, -9.34692, '2016-11-01 00:00:00'),
(481, 1, 14, 1, 38.6957, -9.34693, '2016-11-01 00:00:00'),
(482, 1, 14, 1, 38.6957, -9.34694, '2016-11-01 00:00:00'),
(483, 1, 14, 1, 38.6957, -9.34698, '2016-11-01 00:00:00'),
(484, 1, 14, 1, 38.6956, -9.34684, '2016-11-01 00:00:00'),
(485, 1, 14, 1, 38.6957, -9.34698, '2016-11-01 00:00:00'),
(486, 1, 14, 1, 38.6958, -9.34696, '2016-11-01 00:00:00'),
(487, 1, 14, 1, 38.6957, -9.34689, '2016-11-05 00:00:00'),
(488, 1, 14, 1, 38.6957, -9.34689, '2016-11-05 00:00:00'),
(489, 1, 14, 1, 38.6957, -9.34689, '2016-11-05 00:00:00'),
(490, 1, 14, 1, 38.6957, -9.34698, '2016-11-05 00:00:00'),
(491, 1, 14, 1, 38.6957, -9.34698, '2016-11-05 00:00:00'),
(492, 1, 14, 1, 38.6957, -9.34698, '2016-11-05 00:00:00'),
(493, 1, 14, 1, 38.6957, -9.34689, '2016-11-05 00:00:00'),
(494, 1, 14, 1, 38.6957, -9.34689, '2016-11-05 00:00:00'),
(495, 1, 14, 1, 38.6956, -9.34683, '2016-11-05 00:00:00'),
(496, 1, 14, 1, 38.6956, -9.3468, '2016-11-05 00:00:00'),
(497, 1, 14, 1, 38.6956, -9.34681, '2016-11-05 00:00:00'),
(498, 1, 14, 1, 38.6956, -9.34682, '2016-11-05 00:00:00'),
(499, 1, 14, 1, 38.6956, -9.34682, '2016-11-05 00:00:00'),
(500, 1, 14, 1, 38.6957, -9.34689, '2016-11-05 00:00:00'),
(501, 1, 14, 1, 38.6957, -9.34689, '2016-11-05 00:00:00'),
(502, 1, 14, 1, 38.6957, -9.34666, '2016-11-05 00:00:00'),
(503, 1, 14, 1, 38.6957, -9.34689, '2016-11-05 00:00:00'),
(504, 1, 14, 1, 38.6957, -9.34689, '2016-11-05 00:00:00'),
(505, 1, 14, 1, 38.6957, -9.34689, '2016-11-05 00:00:00'),
(506, 1, 14, 1, 38.6957, -9.34693, '2016-11-05 00:00:00'),
(507, 1, 14, 1, 38.6958, -9.34685, '2016-11-05 00:00:00'),
(508, 1, 14, 1, 38.6958, -9.34697, '2016-11-05 00:00:00'),
(509, 1, 14, 1, 38.6958, -9.34697, '2016-11-05 00:00:00'),
(510, 1, 14, 1, 38.6958, -9.34697, '2016-11-05 00:00:00'),
(511, 1, 14, 1, 38.6958, -9.34697, '2016-11-05 00:00:00'),
(512, 1, 14, 1, 38.6958, -9.34697, '2016-11-05 00:00:00'),
(513, 1, 14, 1, 38.6958, -9.34697, '2016-11-05 00:00:00'),
(514, 1, 14, 1, 38.6958, -9.34697, '2016-11-05 00:00:00'),
(515, 1, 14, 1, 38.6958, -9.34688, '2016-11-05 00:00:00'),
(516, 1, 14, 1, 38.6958, -9.34688, '2016-11-05 00:00:00'),
(517, 1, 14, 1, 38.6958, -9.34688, '2016-11-05 00:00:00'),
(518, 1, 14, 1, 38.6958, -9.34688, '2016-11-05 00:00:00'),
(519, 1, 14, 1, 38.6958, -9.34688, '2016-11-05 00:00:00'),
(520, 1, 14, 1, 38.6957, -9.34695, '2016-11-05 00:00:00'),
(521, 1, 14, 1, 38.6957, -9.34695, '2016-11-05 00:00:00'),
(522, 1, 14, 1, 38.6957, -9.34702, '2016-11-05 00:00:00'),
(523, 1, 14, 1, 38.6957, -9.34705, '2016-11-05 00:00:00'),
(524, 1, 14, 1, 38.6956, -9.34711, '2016-11-06 00:00:00'),
(525, 1, 14, 1, 38.6956, -9.34714, '2016-11-06 00:00:00'),
(526, 1, 14, 1, 38.6956, -9.34715, '2016-11-06 00:00:00'),
(527, 1, 14, 1, 38.6955, -9.34713, '2016-11-06 00:00:00'),
(528, 1, 14, 1, 38.6955, -9.34715, '2016-11-06 00:00:00'),
(529, 1, 14, 1, 38.6955, -9.34715, '2016-11-06 00:00:00'),
(530, 1, 14, 1, 38.6955, -9.34718, '2016-11-06 00:00:00'),
(531, 1, 14, 1, 38.6956, -9.34718, '2016-11-06 00:00:00'),
(532, 1, 14, 1, 38.6956, -9.34714, '2016-11-06 00:00:00'),
(533, 1, 14, 1, 38.6956, -9.34712, '2016-11-06 00:00:00'),
(534, 1, 14, 1, 38.6957, -9.34708, '2016-11-06 00:00:00'),
(535, 1, 14, 1, 38.6957, -9.34709, '2016-11-06 00:00:00'),
(536, 1, 14, 1, 38.6957, -9.34709, '2016-11-06 00:00:00'),
(537, 1, 14, 1, 38.6957, -9.34704, '2016-11-06 00:00:00'),
(538, 1, 14, 1, 38.6956, -9.34701, '2016-11-06 00:00:00'),
(539, 1, 14, 1, 38.6956, -9.34695, '2016-11-06 00:00:00'),
(540, 1, 14, 1, 38.6956, -9.34687, '2016-11-06 00:00:00'),
(541, 1, 14, 1, 38.6956, -9.34681, '2016-11-06 00:00:00'),
(542, 1, 14, 1, 38.6956, -9.34679, '2016-11-06 00:00:00'),
(543, 1, 14, 1, 38.6956, -9.34681, '2016-11-06 00:00:00'),
(544, 1, 14, 1, 38.6957, -9.34689, '2016-11-06 00:00:00'),
(545, 1, 14, 1, 38.6958, -9.34693, '2016-11-06 00:00:00'),
(546, 1, 14, 1, 38.6958, -9.34696, '2016-11-06 00:00:00'),
(547, 1, 14, 1, 38.6958, -9.34698, '2016-11-06 00:00:00'),
(548, 1, 14, 1, 38.6958, -9.34698, '2016-11-06 00:00:00'),
(549, 1, 14, 1, 38.6958, -9.34704, '2016-11-06 00:00:00'),
(550, 1, 14, 1, 38.6958, -9.34701, '2016-11-06 00:00:00'),
(551, 1, 14, 1, 38.6958, -9.34702, '2016-11-06 00:00:00'),
(552, 1, 14, 1, 38.6958, -9.34701, '2016-11-06 00:00:00'),
(553, 1, 14, 1, 38.6958, -9.347, '2016-11-06 00:00:00'),
(554, 1, 14, 1, 38.6957, -9.34699, '2016-11-06 00:00:00'),
(555, 1, 14, 1, 38.6957, -9.34697, '2016-11-06 00:00:00'),
(556, 1, 14, 1, 38.6957, -9.34692, '2016-11-06 00:00:00'),
(557, 1, 14, 1, 38.6957, -9.3469, '2016-11-06 00:00:00'),
(558, 1, 14, 1, 38.6957, -9.3469, '2016-11-06 00:00:00'),
(559, 1, 14, 1, 38.6957, -9.34689, '2016-11-06 00:00:00'),
(560, 1, 14, 1, 38.6957, -9.34689, '2016-11-06 00:00:00'),
(561, 1, 14, 1, 38.6957, -9.34689, '2016-11-06 00:00:00'),
(562, 1, 14, 1, 38.6957, -9.34689, '2016-11-06 00:00:00'),
(563, 1, 14, 1, 38.6954, -9.34682, '2016-11-06 00:00:00'),
(564, 1, 14, 1, 38.6955, -9.34674, '2016-11-06 00:00:00'),
(565, 1, 14, 1, 38.6956, -9.34686, '2016-11-06 00:00:00'),
(566, 1, 14, 1, 38.6956, -9.34703, '2016-11-06 00:00:00'),
(567, 1, 14, 1, 38.6955, -9.34697, '2016-11-06 00:00:00'),
(568, 1, 14, 1, 38.6957, -9.34704, '2016-11-06 00:00:00'),
(569, 1, 14, 1, 38.6957, -9.34698, '2016-11-08 00:00:00'),
(570, 1, 14, 1, 38.6957, -9.34698, '2016-11-08 00:00:00'),
(571, 1, 14, 1, 38.6957, -9.34698, '2016-11-08 00:00:00'),
(572, 1, 14, 1, 38.6957, -9.34698, '2016-11-08 00:00:00'),
(573, 1, 14, 1, 38.6958, -9.34677, '2016-11-08 00:00:00'),
(574, 1, 14, 1, 38.6958, -9.34701, '2016-11-08 00:00:00'),
(575, 1, 14, 1, 38.6958, -9.34701, '2016-11-08 00:00:00'),
(576, 1, 14, 1, 38.6958, -9.34701, '2016-11-08 00:00:00'),
(577, 1, 14, 1, 38.6958, -9.34701, '2016-11-08 00:00:00'),
(578, 1, 14, 1, 38.6958, -9.34701, '2016-11-08 00:00:00'),
(579, 1, 14, 1, 38.6958, -9.34701, '2016-11-08 00:00:00'),
(580, 1, 14, 1, 38.6957, -9.34708, '2016-11-08 00:00:00'),
(581, 1, 14, 1, 38.6957, -9.34708, '2016-11-08 00:00:00'),
(582, 1, 14, 1, 38.6957, -9.34708, '2016-11-08 00:00:00'),
(583, 1, 14, 1, 38.6957, -9.34707, '2016-11-08 00:00:00'),
(584, 1, 14, 1, 38.6957, -9.34707, '2016-11-08 00:00:00'),
(585, 1, 14, 1, 38.6957, -9.34707, '2016-11-08 00:00:00'),
(586, 1, 14, 1, 38.6957, -9.34707, '2016-11-08 00:00:00'),
(587, 1, 14, 1, 38.6957, -9.34708, '2016-11-08 00:00:00'),
(588, 1, 14, 1, 38.6957, -9.34708, '2016-11-08 00:00:00'),
(589, 1, 14, 1, 38.6957, -9.34708, '2016-11-08 00:00:00'),
(590, 1, 14, 1, 38.6957, -9.34707, '2016-11-08 00:00:00'),
(591, 1, 14, 1, 38.6957, -9.34707, '2016-11-08 00:00:00'),
(592, 1, 14, 1, 38.6957, -9.34704, '2016-11-08 00:00:00'),
(593, 1, 14, 1, 38.6957, -9.34702, '2016-11-08 00:00:00'),
(594, 1, 14, 1, 38.6957, -9.34702, '2016-11-08 00:00:00'),
(595, 1, 14, 1, 38.6957, -9.34702, '2016-11-08 00:00:00'),
(596, 1, 14, 1, 38.6957, -9.34702, '2016-11-08 00:00:00'),
(597, 1, 14, 1, 38.6957, -9.34702, '2016-11-08 00:00:00'),
(598, 1, 14, 1, 38.6957, -9.34701, '2016-11-08 00:00:00'),
(599, 1, 14, 1, 38.6957, -9.34701, '2016-11-08 00:00:00'),
(600, 1, 14, 1, 38.6957, -9.347, '2016-11-08 00:00:00'),
(601, 1, 14, 1, 38.6958, -9.34698, '2016-11-08 00:00:00'),
(602, 1, 14, 1, 38.6957, -9.34699, '2016-11-08 00:00:00'),
(603, 1, 14, 1, 38.6957, -9.347, '2016-11-08 00:00:00'),
(604, 1, 14, 1, 38.6957, -9.347, '2016-11-08 00:00:00'),
(605, 1, 14, 1, 38.6957, -9.34699, '2016-11-08 00:00:00'),
(606, 1, 14, 1, 38.6957, -9.347, '2016-11-08 00:00:00'),
(607, 1, 14, 1, 38.6957, -9.347, '2016-11-08 00:00:00'),
(608, 1, 14, 1, 38.6957, -9.347, '2016-11-08 00:00:00'),
(609, 1, 14, 1, 38.6957, -9.347, '2016-11-08 00:00:00'),
(610, 1, 14, 1, 38.6957, -9.34698, '2016-11-08 00:00:00'),
(611, 1, 14, 1, 38.6958, -9.34696, '2016-11-08 00:00:00'),
(612, 1, 14, 1, 38.6958, -9.34696, '2016-11-08 00:00:00'),
(613, 1, 14, 1, 38.6957, -9.34694, '2016-11-08 00:00:00'),
(614, 1, 14, 1, 38.6957, -9.34694, '2016-11-08 00:00:00'),
(615, 1, 14, 1, 38.6957, -9.34695, '2016-11-08 00:00:00'),
(616, 1, 14, 1, 38.6957, -9.34696, '2016-11-08 00:00:00'),
(617, 1, 14, 1, 38.6956, -9.34695, '2016-11-08 00:00:00'),
(618, 1, 14, 1, 38.6956, -9.34697, '2016-11-08 00:00:00'),
(619, 1, 14, 1, 38.6956, -9.34699, '2016-11-08 00:00:00'),
(620, 1, 14, 1, 38.6956, -9.34698, '2016-11-08 00:00:00'),
(621, 1, 14, 1, 38.6956, -9.34697, '2016-11-08 00:00:00'),
(622, 1, 14, 1, 38.6956, -9.34696, '2016-11-08 00:00:00'),
(623, 1, 14, 1, 38.6956, -9.34695, '2016-11-08 00:00:00'),
(624, 1, 14, 1, 38.6957, -9.34693, '2016-11-08 00:00:00'),
(625, 1, 14, 1, 38.6957, -9.34693, '2016-11-08 00:00:00'),
(626, 1, 14, 1, 38.6957, -9.34693, '2016-11-08 00:00:00'),
(627, 1, 14, 1, 38.6957, -9.34694, '2016-11-08 00:00:00'),
(628, 1, 14, 1, 38.6957, -9.34694, '2016-11-08 00:00:00'),
(629, 1, 14, 1, 38.6957, -9.34694, '2016-11-08 00:00:00'),
(630, 1, 14, 1, 38.6957, -9.34694, '2016-11-08 00:00:00'),
(631, 1, 14, 1, 38.6956, -9.34694, '2016-11-08 00:00:00'),
(632, 1, 14, 1, 38.6956, -9.34694, '2016-11-08 00:00:00'),
(633, 1, 14, 1, 38.6956, -9.34694, '2016-11-08 00:00:00'),
(634, 1, 14, 1, 38.6956, -9.34695, '2016-11-08 00:00:00'),
(635, 1, 14, 1, 38.6956, -9.34694, '2016-11-08 00:00:00'),
(636, 1, 14, 1, 38.6956, -9.34694, '2016-11-08 00:00:00'),
(637, 1, 14, 1, 38.6956, -9.34694, '2016-11-08 00:00:00'),
(638, 1, 14, 1, 38.6956, -9.34693, '2016-11-08 00:00:00'),
(639, 1, 14, 1, 38.6957, -9.34693, '2016-11-08 00:00:00'),
(640, 1, 14, 1, 38.6957, -9.34692, '2016-11-08 00:00:00'),
(641, 1, 14, 1, 38.6957, -9.3469, '2016-11-08 00:00:00'),
(642, 1, 14, 1, 38.6957, -9.34689, '2016-11-08 00:00:00'),
(643, 1, 14, 1, 38.6956, -9.3469, '2016-11-08 00:00:00'),
(644, 1, 14, 1, 38.6956, -9.3469, '2016-11-08 00:00:00'),
(645, 1, 14, 1, 38.6956, -9.3469, '2016-11-08 00:00:00'),
(646, 1, 14, 1, 38.6956, -9.34692, '2016-11-08 00:00:00'),
(647, 1, 14, 1, 38.6955, -9.34697, '2016-11-08 00:00:00'),
(648, 1, 14, 1, 38.6955, -9.34702, '2016-11-08 00:00:00'),
(649, 1, 14, 1, 38.6955, -9.34709, '2016-11-08 00:00:00'),
(650, 1, 14, 1, 38.6956, -9.34705, '2016-11-08 00:00:00'),
(651, 1, 14, 1, 38.6956, -9.34705, '2016-11-08 00:00:00'),
(652, 1, 14, 1, 38.6956, -9.34706, '2016-11-08 00:00:00'),
(653, 1, 14, 1, 38.6956, -9.34706, '2016-11-08 00:00:00'),
(654, 1, 14, 1, 38.6957, -9.34701, '2016-11-08 00:00:00'),
(655, 1, 14, 1, 38.6957, -9.3469, '2016-11-08 00:00:00'),
(656, 1, 14, 1, 38.6957, -9.34689, '2016-11-08 00:00:00'),
(657, 1, 14, 1, 38.6957, -9.34688, '2016-11-08 00:00:00'),
(658, 1, 14, 1, 38.6957, -9.34687, '2016-11-08 00:00:00'),
(659, 1, 14, 1, 38.6957, -9.34687, '2016-11-08 00:00:00'),
(660, 1, 14, 1, 38.6957, -9.34687, '2016-11-08 00:00:00'),
(661, 1, 14, 1, 38.6957, -9.34687, '2016-11-08 00:00:00'),
(662, 1, 14, 1, 38.6956, -9.3469, '2016-11-08 00:00:00'),
(663, 1, 14, 1, 38.6956, -9.3469, '2016-11-08 00:00:00'),
(664, 1, 14, 1, 38.6956, -9.34692, '2016-11-08 00:00:00'),
(665, 1, 14, 1, 38.6956, -9.34693, '2016-11-08 00:00:00'),
(666, 1, 14, 1, 38.6956, -9.34691, '2016-11-08 00:00:00'),
(667, 1, 14, 1, 38.6956, -9.34691, '2016-11-08 00:00:00'),
(668, 1, 14, 1, 38.6957, -9.3469, '2016-11-08 00:00:00'),
(669, 1, 14, 1, 38.6957, -9.34694, '2016-11-08 00:00:00'),
(670, 1, 14, 1, 38.6957, -9.34693, '2016-11-08 00:00:00'),
(671, 1, 14, 1, 38.6958, -9.3469, '2016-11-08 00:00:00'),
(672, 1, 14, 1, 38.6958, -9.3469, '2016-11-08 00:00:00'),
(673, 1, 14, 1, 38.6958, -9.3469, '2016-11-08 00:00:00'),
(674, 1, 14, 1, 38.6958, -9.3469, '2016-11-08 00:00:00'),
(675, 1, 14, 1, 38.6957, -9.34696, '2016-11-08 00:00:00'),
(676, 1, 14, 1, 38.6957, -9.34696, '2016-11-08 00:00:00'),
(677, 1, 14, 1, 38.6957, -9.34698, '2016-11-08 00:00:00'),
(678, 1, 14, 1, 38.6957, -9.34698, '2016-11-08 00:00:00'),
(679, 1, 0, 1, 38.6957, -9.34698, '2016-11-08 00:00:00'),
(680, 1, 0, 1, 38.6957, -9.34698, '2016-11-08 00:00:00'),
(681, 1, 0, 1, 38.6957, -9.34698, '2016-11-08 00:00:00'),
(682, 1, 0, 1, 38.6957, -9.34698, '2016-11-08 00:00:00'),
(683, 1, 0, 1, 38.6961, -9.34641, '2016-11-08 00:00:00'),
(684, 1, 0, 1, 38.6963, -9.34641, '2016-11-08 00:00:00'),
(685, 1, 0, 1, 38.6964, -9.34708, '2016-11-08 00:00:00'),
(686, 1, 0, 1, 38.6961, -9.34701, '2016-11-08 00:00:00'),
(687, 1, 0, 1, 38.696, -9.34704, '2016-11-08 00:00:00'),
(688, 1, 0, 1, 38.6959, -9.34706, '2016-11-08 00:00:00'),
(689, 1, 0, 1, 38.6958, -9.34707, '2016-11-08 00:00:00'),
(690, 1, 0, 1, 38.6958, -9.34707, '2016-11-08 00:00:00'),
(691, 1, 0, 1, 38.6957, -9.34701, '2016-11-08 00:00:00'),
(692, 1, 0, 1, 38.6956, -9.34696, '2016-11-08 00:00:00'),
(693, 1, 0, 1, 38.6956, -9.34695, '2016-11-08 00:00:00'),
(694, 1, 0, 1, 38.6956, -9.34695, '2016-11-08 00:00:00'),
(695, 1, 0, 1, 38.6956, -9.34696, '2016-11-08 00:00:00'),
(696, 1, 0, 1, 38.6956, -9.34696, '2016-11-08 00:00:00'),
(697, 1, 0, 1, 38.6956, -9.34696, '2016-11-08 00:00:00'),
(698, 1, 0, 1, 38.6957, -9.34693, '2016-11-08 00:00:00'),
(699, 1, 0, 1, 38.6957, -9.34693, '2016-11-08 00:00:00'),
(700, 1, 0, 1, 38.6957, -9.34693, '2016-11-08 00:00:00'),
(701, 1, 0, 1, 38.6957, -9.34699, '2016-11-08 00:00:00'),
(702, 1, 0, 1, 38.6957, -9.34699, '2016-11-08 00:00:00'),
(703, 1, 0, 1, 38.6957, -9.34699, '2016-11-08 00:00:00'),
(704, 1, 0, 1, 38.6957, -9.34699, '2016-11-08 00:00:00'),
(705, 1, 0, 1, 38.6957, -9.34699, '2016-11-08 00:00:00'),
(706, 1, 0, 1, 38.6957, -9.34699, '2016-11-08 00:00:00'),
(707, 1, 0, 1, 38.6957, -9.34699, '2016-11-08 00:00:00'),
(708, 1, 0, 1, 38.6959, -9.34684, '2016-11-08 00:00:00'),
(709, 1, 0, 1, 38.6958, -9.34702, '2016-11-08 00:00:00'),
(710, 1, 0, 1, 38.6956, -9.34713, '2016-11-08 00:00:00'),
(711, 1, 0, 1, 38.6957, -9.3471, '2016-11-08 00:00:00'),
(712, 1, 0, 1, 38.6958, -9.34706, '2016-11-08 00:00:00'),
(713, 1, 0, 1, 38.6958, -9.34706, '2016-11-08 00:00:00'),
(714, 1, 0, 1, 38.6959, -9.34702, '2016-11-08 00:00:00'),
(715, 1, 0, 1, 38.6958, -9.34702, '2016-11-08 00:00:00'),
(716, 1, 0, 1, 38.6958, -9.34699, '2016-11-08 00:00:00'),
(717, 1, 0, 1, 38.6958, -9.34697, '2016-11-08 00:00:00'),
(718, 1, 0, 1, 38.6958, -9.34698, '2016-11-08 00:00:00'),
(719, 1, 0, 1, 38.6958, -9.34698, '2016-11-08 00:00:00'),
(720, 1, 0, 1, 38.6957, -9.34698, '2016-11-08 00:00:00'),
(721, 1, 0, 1, 38.6957, -9.34698, '2016-11-08 00:00:00'),
(722, 1, 0, 1, 38.6957, -9.34698, '2016-11-08 00:00:00'),
(723, 1, 21, 1, 38.6955, -9.34654, '2016-11-08 00:00:00'),
(724, 1, 21, 1, 38.6955, -9.34654, '2016-11-08 00:00:00'),
(725, 1, 21, 1, 38.6959, -9.34715, '2016-11-08 00:00:00'),
(726, 1, 21, 1, 38.6954, -9.34715, '2016-11-08 00:00:00'),
(727, 1, 21, 1, 38.6958, -9.34707, '2016-11-08 00:00:00'),
(728, 1, 21, 1, 38.6958, -9.34708, '2016-11-08 00:00:00'),
(729, 1, 22, 1, 38.6961, -9.3471, '2016-11-08 00:00:00'),
(730, 1, 22, 1, 38.6957, -9.34698, '2016-11-08 00:00:00'),
(731, 1, 22, 1, 38.6958, -9.34697, '2016-11-08 00:00:00'),
(732, 1, 22, 1, 38.6957, -9.34702, '2016-11-08 00:00:00'),
(733, 1, 22, 1, 38.6957, -9.34702, '2016-11-08 00:00:00'),
(734, 1, 22, 1, 38.6957, -9.34706, '2016-11-08 00:00:00'),
(735, 1, 22, 1, 38.6957, -9.34706, '2016-11-08 00:00:00'),
(736, 1, 12, 1, 38.6957, -9.34698, '2016-11-08 00:00:00'),
(737, 1, 3, 1, 38.6957, -9.34697, '2016-11-08 00:00:00'),
(738, 1, 20, 1, 38.6957, -9.34698, '2016-11-09 00:00:00'),
(739, 1, 20, 1, 38.6957, -9.34698, '2016-11-09 00:00:00'),
(740, 1, 16, 1, 38.6957, -9.34638, '2016-11-10 00:00:00'),
(741, 1, 16, 1, 38.6957, -9.3468, '2016-11-10 00:00:00'),
(742, 1, 16, 1, 38.6957, -9.3468, '2016-11-10 00:00:00'),
(743, 1, 16, 1, 38.6957, -9.3468, '2016-11-10 00:00:00'),
(744, 1, 16, 1, 38.6957, -9.3468, '2016-11-10 00:00:00'),
(745, 1, 16, 1, 38.6957, -9.3468, '2016-11-10 00:00:00'),
(746, 1, 16, 1, 38.6957, -9.3468, '2016-11-10 00:00:00'),
(747, 1, 16, 1, 38.6957, -9.3468, '2016-11-10 00:00:00');

-- --------------------------------------------------------

--
-- Table structure for table `ed_driverroute`
--

CREATE TABLE `ed_driverroute` (
  `DriverID` int(11) NOT NULL,
  `DeliveryID` int(11) NOT NULL,
  `PositionID` int(11) NOT NULL,
  `Latitude` float DEFAULT NULL,
  `Longitude` float DEFAULT NULL,
  `DistanceFromPrevious` float DEFAULT NULL,
  `DateCreated` datetime DEFAULT NULL,
  `Speed` float DEFAULT NULL,
  `LineID` int(11) DEFAULT NULL
) ENGINE=MyISAM DEFAULT CHARSET=latin1 COLLATE=latin1_general_ci;

--
-- Dumping data for table `ed_driverroute`
--

INSERT INTO `ed_driverroute` (`DriverID`, `DeliveryID`, `PositionID`, `Latitude`, `Longitude`, `DistanceFromPrevious`, `DateCreated`, `Speed`, `LineID`) VALUES
(1, 8, 128, 38.7034, -9.30416, 0.088, '0000-00-00 00:00:00', NULL, 0),
(1, 8, 129, 38.7039, -9.30367, 0.069, '0000-00-00 00:00:00', NULL, 0),
(1, 8, 130, 38.704, -9.30357, 0.023, '0000-00-00 00:00:00', NULL, 0),
(1, 8, 131, 38.7041, -9.30341, 0.019, '0000-00-00 00:00:00', NULL, 0),
(1, 8, 132, 38.7044, -9.30316, 0.045, '0000-00-00 00:00:00', NULL, 0),
(1, 8, 133, 38.7049, -9.30331, 0.086, '0000-00-00 00:00:00', NULL, 0),
(1, 8, 134, 38.7057, -9.30306, 0.087, '0000-00-00 00:00:00', NULL, 0),
(1, 8, 135, 38.7066, -9.30265, 0.105, '0000-00-00 00:00:00', NULL, 0),
(1, 8, 136, 38.7074, -9.30205, 0.107, '0000-00-00 00:00:00', NULL, 0),
(1, 8, 137, 38.7082, -9.30132, 0.095, '0000-00-00 00:00:00', NULL, 0),
(1, 8, 138, 38.7089, -9.3005, 0.116, '0000-00-00 00:00:00', NULL, 0),
(1, 8, 139, 38.7097, -9.29962, 0.115, '0000-00-00 00:00:00', NULL, 0),
(1, 8, 140, 38.7105, -9.29877, 0.121, '0000-00-00 00:00:00', NULL, 0),
(1, 8, 141, 38.7114, -9.29816, 0.108, '0000-00-00 00:00:00', NULL, 0),
(1, 8, 142, 38.7119, -9.29786, 0.068, '0000-00-00 00:00:00', NULL, 0),
(1, 8, 143, 38.7123, -9.29772, 0.04, '0000-00-00 00:00:00', NULL, 0),
(1, 8, 144, 38.7123, -9.29769, 0.006, '0000-00-00 00:00:00', NULL, 0),
(1, 8, 145, 38.7124, -9.29765, 0.004, '0000-00-00 00:00:00', NULL, 0),
(1, 8, 146, 38.7125, -9.29752, 0.013, '0000-00-00 00:00:00', NULL, 0),
(1, 8, 147, 38.7128, -9.29727, 0.057, '0000-00-00 00:00:00', NULL, 0),
(1, 8, 148, 38.7132, -9.29717, 0.066, '0000-00-00 00:00:00', NULL, 0),
(1, 8, 149, 38.7137, -9.29695, 0.048, '0000-00-00 00:00:00', NULL, 0),
(1, 8, 150, 38.7138, -9.29681, 0.025, '0000-00-00 00:00:00', NULL, 0),
(1, 8, 151, 38.714, -9.2965, 0.045, '0000-00-00 00:00:00', NULL, 0),
(1, 8, 152, 38.7144, -9.29647, 0.047, '0000-00-00 00:00:00', NULL, 0),
(1, 8, 153, 38.7151, -9.29622, 0.079, '0000-00-00 00:00:00', NULL, 0),
(1, 8, 154, 38.716, -9.29603, 0.102, '0000-00-00 00:00:00', NULL, 0),
(1, 8, 155, 38.7168, -9.29604, 0.089, '0000-00-00 00:00:00', NULL, 0),
(1, 8, 156, 38.7177, -9.29608, 0.103, '0000-00-00 00:00:00', NULL, 0),
(1, 8, 157, 38.7185, -9.29609, 0.089, '0000-00-00 00:00:00', NULL, 0),
(1, 8, 158, 38.7195, -9.29613, 0.111, '0000-00-00 00:00:00', NULL, 0),
(1, 8, 159, 38.7206, -9.29617, 0.115, '0000-00-00 00:00:00', NULL, 0),
(1, 8, 160, 38.7217, -9.2962, 0.122, '0000-00-00 00:00:00', NULL, 0),
(1, 8, 161, 38.7228, -9.29622, 0.128, '0000-00-00 00:00:00', NULL, 0),
(1, 8, 162, 38.724, -9.29624, 0.128, '0000-00-00 00:00:00', NULL, 0),
(1, 8, 163, 38.7249, -9.29625, 0.108, '0000-00-00 00:00:00', NULL, 0),
(1, 8, 164, 38.7261, -9.29615, 0.124, '0000-00-00 00:00:00', NULL, 0),
(1, 8, 165, 38.7272, -9.29605, 0.123, '0000-00-00 00:00:00', NULL, 0),
(1, 8, 166, 38.7283, -9.29593, 0.126, '0000-00-00 00:00:00', NULL, 0),
(1, 8, 167, 38.7293, -9.29588, 0.106, '0000-00-00 00:00:00', NULL, 0),
(1, 8, 168, 38.7304, -9.29608, 0.128, '0000-00-00 00:00:00', NULL, 0),
(1, 8, 169, 38.7313, -9.29654, 0.109, '0000-00-00 00:00:00', NULL, 0),
(1, 8, 170, 38.7324, -9.29723, 0.138, '0000-00-00 00:00:00', NULL, 0),
(1, 8, 171, 38.7332, -9.29777, 0.101, '0000-00-00 00:00:00', NULL, 0),
(1, 8, 172, 38.7343, -9.29817, 0.129, '0000-00-00 00:00:00', NULL, 0),
(1, 8, 173, 38.7353, -9.29835, 0.107, '0000-00-00 00:00:00', NULL, 0),
(1, 8, 174, 38.7358, -9.29827, 0.056, '0000-00-00 00:00:00', NULL, 0),
(1, 8, 175, 38.7362, -9.29848, 0.061, '0000-00-00 00:00:00', NULL, 0),
(1, 8, 176, 38.7357, -9.29935, 0.863, '0000-00-00 00:00:00', NULL, 0),
(1, 8, 177, 38.736, -9.29994, 0.441, '0000-00-00 00:00:00', NULL, 0),
(1, 8, 178, 38.736, -9.30073, 0.07, '0000-00-00 00:00:00', NULL, 0),
(1, 8, 179, 38.736, -9.3015, 0.066, '0000-00-00 00:00:00', NULL, 0),
(1, 8, 180, 38.7362, -9.30237, 0.077, '0000-00-00 00:00:00', NULL, 0),
(1, 8, 181, 38.7366, -9.3032, 0.087, '0000-00-00 00:00:00', NULL, 0),
(1, 8, 182, 38.7372, -9.30371, 0.077, '0000-00-00 00:00:00', NULL, 0),
(1, 8, 183, 38.7379, -9.30401, 0.084, '0000-00-00 00:00:00', NULL, 0),
(1, 8, 184, 38.7384, -9.30413, 0.07, '0000-00-00 00:00:00', NULL, 0),
(1, 8, 185, 38.7387, -9.30411, 0.029, '0000-00-00 00:00:00', NULL, 0),
(1, 8, 186, 38.7389, -9.30459, 0.058, '0000-00-00 00:00:00', NULL, 0),
(1, 8, 187, 38.7392, -9.3051, 0.051, '0000-00-00 00:00:00', NULL, 0),
(1, 8, 188, 38.7397, -9.30574, 0.089, '0000-00-00 00:00:00', NULL, 0),
(1, 8, 189, 38.7403, -9.30605, 0.073, '0000-00-00 00:00:00', NULL, 0),
(1, 8, 190, 38.741, -9.30589, 0.071, '0000-00-00 00:00:00', NULL, 0),
(1, 8, 191, 38.7416, -9.30523, 0.087, '0000-00-00 00:00:00', NULL, 0),
(1, 8, 192, 38.7421, -9.30439, 0.091, '0000-00-00 00:00:00', NULL, 0),
(1, 8, 193, 38.7426, -9.30385, 0.073, '0000-00-00 00:00:00', NULL, 0),
(1, 8, 194, 38.7431, -9.30365, 0.066, '0000-00-00 00:00:00', NULL, 0),
(1, 8, 195, 38.7437, -9.30374, 0.061, '0000-00-00 00:00:00', NULL, 0),
(1, 8, 196, 38.7442, -9.30401, 0.06, '0000-00-00 00:00:00', NULL, 0),
(1, 8, 197, 38.7443, -9.30406, 0.012, '0000-00-00 00:00:00', NULL, 0),
(1, 8, 198, 38.7446, -9.30425, 0.037, '0000-00-00 00:00:00', NULL, 0),
(1, 8, 199, 38.745, -9.30448, 0.051, '0000-00-00 00:00:00', NULL, 0),
(1, 8, 200, 38.7453, -9.3046, 0.029, '0000-00-00 00:00:00', NULL, 0),
(1, 8, 201, 38.7454, -9.30445, 0.025, '0000-00-00 00:00:00', NULL, 0),
(1, 8, 202, 38.7456, -9.30453, 0.022, '0000-00-00 00:00:00', NULL, 0),
(1, 8, 203, 38.7456, -9.30452, 0.008, '0000-00-00 00:00:00', NULL, 0),
(1, 8, 204, 38.7457, -9.30451, 0.001, '0000-00-00 00:00:00', NULL, 0),
(1, 8, 205, 38.7457, -9.30439, 0.001, '0000-00-00 00:00:00', NULL, 0),
(1, 8, 206, 38.7455, -9.30436, 0.033, '0000-00-00 00:00:00', NULL, 0),
(1, 9, 0, 38.7384, -9.28398, 7.25645, '0000-00-00 00:00:00', NULL, 0),
(1, 9, 1, 38.7404, -9.28563, 0.265946, '0000-00-00 00:00:00', NULL, 0),
(1, 9, 2, 38.7407, -9.28594, 0.0389718, '0000-00-00 00:00:00', NULL, 0),
(1, 9, 3, 38.7409, -9.28625, 0.0371373, '0000-00-00 00:00:00', NULL, 0),
(1, 9, 4, 38.7413, -9.2865, 0.0480283, '0000-00-00 00:00:00', NULL, 0),
(1, 9, 5, 38.7417, -9.28651, 0.0448597, '0000-00-00 00:00:00', NULL, 0),
(1, 9, 6, 38.7421, -9.28679, 0.0483806, '0000-00-00 00:00:00', NULL, 0),
(1, 9, 7, 38.7419, -9.28732, 0.052004, '0000-00-00 00:00:00', NULL, 0),
(1, 9, 8, 38.7414, -9.28748, 0.0527781, '0000-00-00 00:00:00', NULL, 0),
(1, 9, 9, 38.7409, -9.28718, 0.0599113, '0000-00-00 00:00:00', NULL, 0),
(1, 9, 10, 38.7404, -9.28684, 0.0670877, '0000-00-00 00:00:00', NULL, 0),
(1, 9, 11, 38.7399, -9.28651, 0.0650811, '0000-00-00 00:00:00', NULL, 0),
(1, 9, 12, 38.7394, -9.28619, 0.0631514, '0000-00-00 00:00:00', NULL, 0),
(1, 9, 13, 38.7389, -9.28591, 0.0583086, '0000-00-00 00:00:00', NULL, 0),
(1, 9, 14, 38.7386, -9.2861, 0.0361813, '0000-00-00 00:00:00', NULL, 0),
(1, 9, 15, 38.7388, -9.28647, 0.0418444, '0000-00-00 00:00:00', NULL, 0),
(1, 9, 16, 38.7391, -9.28679, 0.040146, '0000-00-00 00:00:00', NULL, 0),
(1, 9, 17, 38.7392, -9.28722, 0.0406309, '0000-00-00 00:00:00', NULL, 0),
(1, 9, 18, 38.7394, -9.28783, 0.0560907, '0000-00-00 00:00:00', NULL, 0),
(1, 9, 19, 38.7396, -9.2884, 0.0530622, '0000-00-00 00:00:00', NULL, 0),
(1, 9, 20, 38.7398, -9.28869, 0.0316917, '0000-00-00 00:00:00', NULL, 0),
(1, 9, 21, 38.7399, -9.28899, 0.0331718, '0000-00-00 00:00:00', NULL, 0),
(1, 9, 22, 38.7403, -9.28922, 0.0433291, '0000-00-00 00:00:00', NULL, 0),
(1, 9, 23, 38.7407, -9.28947, 0.0489547, '0000-00-00 00:00:00', NULL, 0),
(1, 9, 24, 38.7411, -9.28973, 0.0506272, '0000-00-00 00:00:00', NULL, 0),
(1, 9, 25, 38.7414, -9.28993, 0.0392903, '0000-00-00 00:00:00', NULL, 0),
(1, 9, 26, 38.7417, -9.29014, 0.0399728, '0000-00-00 00:00:00', NULL, 0),
(1, 9, 27, 38.7422, -9.29033, 0.0520289, '0000-00-00 00:00:00', NULL, 0),
(1, 9, 28, 38.7425, -9.29032, 0.0405986, '0000-00-00 00:00:00', NULL, 0),
(1, 9, 29, 38.7428, -9.29027, 0.0264882, '0000-00-00 00:00:00', NULL, 0),
(1, 9, 30, 38.7429, -9.29047, 0.0217807, '0000-00-00 00:00:00', NULL, 0),
(1, 9, 31, 38.743, -9.29102, 0.0477879, '0000-00-00 00:00:00', NULL, 0),
(1, 9, 32, 38.743, -9.2916, 0.050728, '0000-00-00 00:00:00', NULL, 0),
(1, 9, 33, 38.7431, -9.29207, 0.0420669, '0000-00-00 00:00:00', NULL, 0),
(1, 9, 34, 38.7432, -9.29244, 0.0358291, '0000-00-00 00:00:00', NULL, 0),
(1, 9, 35, 38.7436, -9.29238, 0.0434237, '0000-00-00 00:00:00', NULL, 0),
(1, 9, 36, 38.7441, -9.29235, 0.0471411, '0000-00-00 00:00:00', NULL, 0),
(1, 9, 37, 38.7445, -9.29249, 0.055012, '0000-00-00 00:00:00', NULL, 0),
(1, 9, 38, 38.745, -9.29251, 0.0467344, '0000-00-00 00:00:00', NULL, 0),
(1, 9, 39, 38.7451, -9.29286, 0.0321312, '0000-00-00 00:00:00', NULL, 0),
(1, 9, 40, 38.7452, -9.29349, 0.056196, '0000-00-00 00:00:00', NULL, 0),
(1, 9, 41, 38.7452, -9.29415, 0.0576923, '0000-00-00 00:00:00', NULL, 0),
(1, 9, 42, 38.7452, -9.29487, 0.0620702, '0000-00-00 00:00:00', NULL, 0),
(1, 9, 43, 38.7452, -9.29568, 0.0699563, '0000-00-00 00:00:00', NULL, 0),
(1, 9, 44, 38.7453, -9.29646, 0.0677952, '0000-00-00 00:00:00', NULL, 0),
(1, 9, 45, 38.7453, -9.29714, 0.0588268, '0000-00-00 00:00:00', NULL, 0),
(1, 9, 46, 38.7452, -9.29784, 0.0612911, '0000-00-00 00:00:00', NULL, 0),
(1, 9, 47, 38.7452, -9.29871, 0.0747367, '0000-00-00 00:00:00', NULL, 0),
(1, 9, 48, 38.7452, -9.29939, 0.0594164, '0000-00-00 00:00:00', NULL, 0),
(1, 9, 49, 38.7453, -9.30016, 0.0664038, '0000-00-00 00:00:00', NULL, 0),
(1, 9, 50, 38.7454, -9.30081, 0.0607365, '0000-00-00 00:00:00', NULL, 0),
(1, 9, 51, 38.7458, -9.30134, 0.0627918, '0000-00-00 00:00:00', NULL, 0),
(1, 9, 52, 38.7463, -9.30179, 0.0665381, '0000-00-00 00:00:00', NULL, 0),
(1, 9, 53, 38.7467, -9.302, 0.0507367, '0000-00-00 00:00:00', NULL, 0),
(1, 9, 54, 38.747, -9.3018, 0.0373418, '0000-00-00 00:00:00', NULL, 0),
(1, 9, 55, 38.7472, -9.30215, 0.0378454, '0000-00-00 00:00:00', NULL, 0),
(1, 9, 56, 38.7471, -9.30276, 0.0554393, '0000-00-00 00:00:00', NULL, 0),
(1, 9, 57, 38.747, -9.30335, 0.051435, '0000-00-00 00:00:00', NULL, 0),
(1, 9, 58, 38.7471, -9.30368, 0.0307416, '0000-00-00 00:00:00', NULL, 0),
(1, 9, 59, 38.7469, -9.30413, 0.0457015, '0000-00-00 00:00:00', NULL, 0),
(1, 9, 60, 38.7466, -9.30462, 0.0541397, '0000-00-00 00:00:00', NULL, 0),
(1, 9, 61, 38.7463, -9.30499, 0.0486862, '0000-00-00 00:00:00', NULL, 0),
(1, 9, 62, 38.7457, -9.30492, 0.0594332, '0000-00-00 00:00:00', NULL, 0),
(1, 8, 0, 38.6956, -9.34697, 0.165, '0000-00-00 00:00:00', NULL, 0),
(1, 8, 1, 38.6959, -9.34661, 0.339, '0000-00-00 00:00:00', NULL, 0),
(1, 8, 2, 38.696, -9.34668, 0.018, '0000-00-00 00:00:00', NULL, 0),
(1, 8, 3, 38.6963, -9.34717, 0.057, '0000-00-00 00:00:00', NULL, 0),
(1, 8, 4, 38.6965, -9.34745, 0.027, '0000-00-00 00:00:00', NULL, 0),
(1, 8, 5, 38.6965, -9.34781, 0.034, '0000-00-00 00:00:00', NULL, 0),
(1, 8, 6, 38.6962, -9.34792, 0.034, '0000-00-00 00:00:00', NULL, 0),
(1, 8, 7, 38.6957, -9.34769, 0.052, '0000-00-00 00:00:00', NULL, 0),
(1, 8, 8, 38.6954, -9.34757, 0.036, '0000-00-00 00:00:00', NULL, 0),
(1, 8, 9, 38.6951, -9.3473, 0.051, '0000-00-00 00:00:00', NULL, 0),
(1, 8, 10, 38.6951, -9.34687, 0.034, '0000-00-00 00:00:00', NULL, 0),
(1, 8, 11, 38.6953, -9.34637, 0.045, '0000-00-00 00:00:00', NULL, 0),
(1, 8, 12, 38.6955, -9.34607, 0.04, '0000-00-00 00:00:00', NULL, 0),
(1, 8, 13, 38.6952, -9.34585, 0.025, '0000-00-00 00:00:00', NULL, 0),
(1, 8, 14, 38.695, -9.34573, 0.029, '0000-00-00 00:00:00', NULL, 0),
(1, 8, 15, 38.6951, -9.34548, 0.026, '0000-00-00 00:00:00', NULL, 0),
(1, 8, 16, 38.6952, -9.34496, 0.044, '0000-00-00 00:00:00', NULL, 0),
(1, 8, 17, 38.6954, -9.34421, 0.072, '0000-00-00 00:00:00', NULL, 0),
(1, 8, 18, 38.6958, -9.34387, 0.053, '0000-00-00 00:00:00', NULL, 0),
(1, 8, 19, 38.6961, -9.34371, 0.028, '0000-00-00 00:00:00', NULL, 0),
(1, 8, 20, 38.6961, -9.34361, 0.01, '0000-00-00 00:00:00', NULL, 0),
(1, 8, 21, 38.696, -9.34341, 0.022, '0000-00-00 00:00:00', NULL, 0),
(1, 8, 22, 38.6958, -9.34303, 0.043, '0000-00-00 00:00:00', NULL, 0),
(1, 8, 23, 38.6956, -9.34251, 0.046, '0000-00-00 00:00:00', NULL, 0),
(1, 8, 24, 38.6954, -9.34208, 0.045, '0000-00-00 00:00:00', NULL, 0),
(1, 8, 25, 38.6953, -9.34176, 0.028, '0000-00-00 00:00:00', NULL, 0),
(1, 8, 26, 38.6949, -9.34149, 0.051, '0000-00-00 00:00:00', NULL, 0),
(1, 8, 27, 38.6949, -9.34138, 0.021, '0000-00-00 00:00:00', NULL, 0),
(1, 8, 28, 38.6949, -9.34094, 0.038, '0000-00-00 00:00:00', NULL, 0),
(1, 8, 29, 38.6949, -9.34029, 0.056, '0000-00-00 00:00:00', NULL, 0),
(1, 8, 30, 38.6949, -9.33958, 0.06, '0000-00-00 00:00:00', NULL, 0),
(1, 8, 31, 38.6949, -9.33893, 0.058, '0000-00-00 00:00:00', NULL, 0),
(1, 8, 32, 38.6948, -9.33824, 0.055, '0000-00-00 00:00:00', NULL, 0),
(1, 8, 33, 38.6946, -9.33745, 0.075, '0000-00-00 00:00:00', NULL, 0),
(1, 8, 34, 38.6943, -9.33667, 0.073, '0000-00-00 00:00:00', NULL, 0),
(1, 8, 35, 38.6941, -9.33591, 0.072, '0000-00-00 00:00:00', NULL, 0),
(1, 8, 36, 38.694, -9.33524, 0.059, '0000-00-00 00:00:00', NULL, 0),
(1, 8, 37, 38.694, -9.33468, 0.049, '0000-00-00 00:00:00', NULL, 0),
(1, 8, 38, 38.694, -9.33409, 0.051, '0000-00-00 00:00:00', NULL, 0),
(1, 8, 39, 38.6942, -9.33334, 0.064, '0000-00-00 00:00:00', NULL, 0),
(1, 8, 40, 38.6944, -9.33255, 0.072, '0000-00-00 00:00:00', NULL, 0),
(1, 8, 41, 38.6946, -9.33188, 0.062, '0000-00-00 00:00:00', NULL, 0),
(1, 8, 42, 38.695, -9.33165, 0.051, '0000-00-00 00:00:00', NULL, 0),
(1, 8, 43, 38.6955, -9.33175, 0.048, '0000-00-00 00:00:00', NULL, 0),
(1, 8, 44, 38.6956, -9.33195, 0.029, '0000-00-00 00:00:00', NULL, 0),
(1, 8, 45, 38.6957, -9.33196, 0.007, '0000-00-00 00:00:00', NULL, 0),
(1, 8, 46, 38.6958, -9.33189, 0.011, '0000-00-00 00:00:00', NULL, 0),
(1, 8, 47, 38.6961, -9.33148, 0.054, '0000-00-00 00:00:00', NULL, 0),
(1, 8, 48, 38.696, -9.33083, 0.059, '0000-00-00 00:00:00', NULL, 0),
(1, 8, 49, 38.6959, -9.33033, 0.044, '0000-00-00 00:00:00', NULL, 0),
(1, 8, 50, 38.6958, -9.32993, 0.04, '0000-00-00 00:00:00', NULL, 0),
(1, 8, 51, 38.6957, -9.32947, 0.048, '0000-00-00 00:00:00', NULL, 0),
(1, 8, 52, 38.6957, -9.32927, 0.017, '0000-00-00 00:00:00', NULL, 0),
(1, 8, 53, 38.6957, -9.32911, 0.014, '0000-00-00 00:00:00', NULL, 0),
(1, 8, 54, 38.6956, -9.32878, 0.028, '0000-00-00 00:00:00', NULL, 0),
(1, 8, 55, 38.6955, -9.32811, 0.061, '0000-00-00 00:00:00', NULL, 0),
(1, 8, 56, 38.6954, -9.32729, 0.071, '0000-00-00 00:00:00', NULL, 0),
(1, 8, 57, 38.6953, -9.32647, 0.072, '0000-00-00 00:00:00', NULL, 0),
(1, 8, 58, 38.6952, -9.32568, 0.069, '0000-00-00 00:00:00', NULL, 0),
(1, 8, 59, 38.695, -9.3248, 0.079, '0000-00-00 00:00:00', NULL, 0),
(1, 8, 60, 38.6949, -9.32399, 0.072, '0000-00-00 00:00:00', NULL, 0),
(1, 8, 61, 38.6947, -9.32304, 0.083, '0000-00-00 00:00:00', NULL, 0),
(1, 8, 62, 38.6946, -9.32222, 0.075, '0000-00-00 00:00:00', NULL, 0),
(1, 8, 63, 38.6944, -9.32133, 0.079, '0000-00-00 00:00:00', NULL, 0),
(1, 8, 64, 38.6942, -9.32022, 0.098, '0000-00-00 00:00:00', NULL, 0),
(1, 8, 65, 38.6941, -9.31919, 0.092, '0000-00-00 00:00:00', NULL, 0),
(1, 9, 63, 38.7455, -9.3048, 0.0282487, '0000-00-00 00:00:00', NULL, 0),
(1, 9, 64, 38.7453, -9.30472, 0.0185718, '0000-00-00 00:00:00', NULL, 0),
(1, 9, 65, 38.7451, -9.30459, 0.0290282, '0000-00-00 00:00:00', NULL, 0),
(1, 9, 66, 38.7448, -9.30444, 0.0334555, '0000-00-00 00:00:00', NULL, 0),
(1, 9, 67, 38.7445, -9.30427, 0.0389216, '0000-00-00 00:00:00', NULL, 0),
(1, 9, 77, 38.7461, -9.3071, 0.0552028, '0000-00-00 00:00:00', NULL, 0),
(1, 9, 78, 38.7463, -9.30701, 0.0207257, '0000-00-00 00:00:00', NULL, 0),
(1, 9, 79, 38.7461, -9.30692, 0.0240496, '0000-00-00 00:00:00', NULL, 0),
(1, 9, 80, 38.7458, -9.3069, 0.026334, '0000-00-00 00:00:00', NULL, 0),
(1, 9, 81, 38.7457, -9.3069, 0.014467, '0000-00-00 00:00:00', NULL, 0),
(1, 9, 82, 38.7456, -9.30681, 0.0114595, '0000-00-00 00:00:00', NULL, 0),
(1, 9, 83, 38.7456, -9.30679, 0.00159828, '0000-00-00 00:00:00', NULL, 0),
(1, 9, 84, 38.7456, -9.30677, 0.00246298, '0000-00-00 00:00:00', NULL, 0),
(1, 11, 0, 38.6956, -9.34699, 0.0322565, '0000-00-00 00:00:00', 0, 0),
(1, 11, 1, 38.6956, -9.34699, 0.000596006, '0000-00-00 00:00:00', 0.429125, 0),
(1, 11, 2, 38.6958, -9.34611, 0.0787393, '0000-00-00 00:00:00', 21.8047, 0),
(1, 11, 3, 38.6958, -9.34613, 0.00635726, '0000-00-00 00:00:00', 3.81435, 0),
(1, 11, 4, 38.6957, -9.3462, 0.0132362, '0000-00-00 00:00:00', 9.5301, 0),
(1, 11, 5, 38.6956, -9.34612, 0.00795921, '0000-00-00 00:00:00', 5.73063, 0),
(1, 11, 6, 38.6955, -9.34605, 0.0167357, '0000-00-00 00:00:00', 10.0414, 0),
(1, 11, 7, 38.6953, -9.34591, 0.025105, '0000-00-00 00:00:00', 8.21617, 0),
(1, 11, 8, 38.695, -9.34578, 0.0283641, '0000-00-00 00:00:00', 20.4222, 0),
(1, 11, 9, 38.695, -9.34567, 0.010613, '0000-00-00 00:00:00', 19.1033, 0),
(1, 11, 10, 38.6951, -9.34522, 0.0415709, '0000-00-00 00:00:00', 24.9426, 0),
(1, 11, 11, 38.6953, -9.34453, 0.060969, '0000-00-00 00:00:00', 36.5814, 0),
(1, 11, 12, 38.6956, -9.34404, 0.058195, '0000-00-00 00:00:00', 34.917, 0),
(1, 11, 13, 38.6958, -9.34385, 0.0308303, '0000-00-00 00:00:00', 22.1978, 0),
(1, 11, 14, 38.696, -9.34379, 0.014033, '0000-00-00 00:00:00', 8.4198, 0),
(1, 11, 15, 38.696, -9.34376, 0.00557577, '0000-00-00 00:00:00', 4.01455, 0),
(1, 11, 16, 38.6961, -9.34368, 0.00867285, '0000-00-00 00:00:00', 5.20371, 0),
(1, 11, 17, 38.696, -9.34354, 0.0129293, '0000-00-00 00:00:00', 9.30907, 0),
(1, 11, 18, 38.6959, -9.34325, 0.0297651, '0000-00-00 00:00:00', 17.8591, 0),
(1, 11, 19, 38.6957, -9.34285, 0.0411726, '0000-00-00 00:00:00', 24.7035, 0),
(1, 11, 20, 38.6955, -9.34249, 0.0367394, '0000-00-00 00:00:00', 26.4524, 0),
(1, 11, 21, 38.6953, -9.34208, 0.0404219, '0000-00-00 00:00:00', 29.1038, 0),
(1, 11, 22, 38.6952, -9.34174, 0.0318787, '0000-00-00 00:00:00', 19.1272, 0),
(1, 11, 23, 38.6954, -9.34136, 0.0408519, '0000-00-00 00:00:00', 21.0095, 0),
(1, 11, 24, 38.6956, -9.34155, 0.0230232, '0000-00-00 00:00:00', 16.5767, 0),
(1, 11, 25, 38.6959, -9.34161, 0.0385267, '0000-00-00 00:00:00', 27.7392, 0),
(1, 11, 26, 38.6964, -9.34168, 0.0478342, '0000-00-00 00:00:00', 28.7005, 0),
(1, 11, 27, 38.6969, -9.3417, 0.0550966, '0000-00-00 00:00:00', 33.058, 0),
(1, 11, 28, 38.6974, -9.34161, 0.0609535, '0000-00-00 00:00:00', 36.5721, 0),
(1, 11, 29, 38.698, -9.34148, 0.0628846, '0000-00-00 00:00:00', 37.7308, 0),
(1, 11, 30, 38.6984, -9.34136, 0.0475544, '0000-00-00 00:00:00', 28.5326, 0),
(1, 11, 31, 38.6985, -9.34103, 0.0319104, '0000-00-00 00:00:00', 19.1462, 0),
(1, 11, 32, 38.6988, -9.34126, 0.0351315, '0000-00-00 00:00:00', 21.0789, 0),
(1, 11, 33, 38.699, -9.34126, 0.0296557, '0000-00-00 00:00:00', 21.3521, 0),
(1, 11, 34, 38.6994, -9.34117, 0.045984, '0000-00-00 00:00:00', 27.5904, 0),
(1, 11, 35, 38.6999, -9.34105, 0.0551905, '0000-00-00 00:00:00', 33.1143, 0),
(1, 11, 36, 38.7005, -9.34095, 0.0599107, '0000-00-00 00:00:00', 35.9464, 0),
(1, 11, 37, 38.701, -9.34083, 0.0602594, '0000-00-00 00:00:00', 36.1556, 0),
(1, 11, 38, 38.7014, -9.34077, 0.0498022, '0000-00-00 00:00:00', 29.8813, 0),
(1, 11, 39, 38.7016, -9.34073, 0.0133953, '0000-00-00 00:00:00', 8.03719, 0),
(1, 11, 40, 38.7019, -9.34069, 0.0327686, '0000-00-00 00:00:00', 19.6612, 0),
(1, 11, 41, 38.7022, -9.34074, 0.0365856, '0000-00-00 00:00:00', 26.3416, 0),
(1, 11, 42, 38.7026, -9.3408, 0.0480378, '0000-00-00 00:00:00', 28.8227, 0),
(1, 11, 43, 38.703, -9.34091, 0.0441735, '0000-00-00 00:00:00', 31.8049, 0),
(1, 11, 44, 38.7035, -9.3408, 0.0529138, '0000-00-00 00:00:00', 38.098, 0),
(1, 11, 45, 38.704, -9.34053, 0.0660434, '0000-00-00 00:00:00', 39.6261, 0),
(1, 11, 46, 38.7043, -9.34021, 0.0419936, '0000-00-00 00:00:00', 25.1961, 0),
(1, 11, 47, 38.7045, -9.3405, 0.0320614, '0000-00-00 00:00:00', 23.0842, 0),
(1, 11, 48, 38.7047, -9.34074, 0.0343166, '0000-00-00 00:00:00', 24.7079, 0),
(1, 11, 49, 38.7051, -9.34068, 0.0464233, '0000-00-00 00:00:00', 27.854, 0),
(1, 11, 50, 38.7054, -9.34067, 0.027628, '0000-00-00 00:00:00', 16.5768, 0),
(1, 11, 51, 38.7054, -9.34068, 0.0022677, '0000-00-00 00:00:00', 1.36062, 0),
(1, 11, 52, 38.7059, -9.34064, 0.0490933, '0000-00-00 00:00:00', 3.53472, 0),
(1, 11, 53, 38.7064, -9.34066, 0.0580459, '0000-00-00 00:00:00', 41.7931, 0),
(1, 11, 54, 38.707, -9.3407, 0.0681299, '0000-00-00 00:00:00', 49.0535, 0),
(1, 9, 68, 38.7443, -9.30456, 0.0346774, '0000-00-00 00:00:00', NULL, 0),
(1, 9, 69, 38.7441, -9.30516, 0.0563726, '0000-00-00 00:00:00', NULL, 0),
(1, 9, 70, 38.7439, -9.30577, 0.0570948, '0000-00-00 00:00:00', NULL, 0),
(1, 9, 71, 38.7438, -9.30614, 0.0326336, '0000-00-00 00:00:00', NULL, 0),
(1, 9, 72, 38.744, -9.30622, 0.0165408, '0000-00-00 00:00:00', NULL, 0),
(1, 9, 73, 38.7442, -9.30629, 0.0228788, '0000-00-00 00:00:00', NULL, 0),
(1, 9, 74, 38.7446, -9.30651, 0.0512925, '0000-00-00 00:00:00', NULL, 0),
(1, 9, 75, 38.7451, -9.30671, 0.0557293, '0000-00-00 00:00:00', NULL, 0),
(1, 9, 76, 38.7456, -9.30689, 0.0659988, '0000-00-00 00:00:00', NULL, 0),
(1, 8, 66, 38.6938, -9.31861, 0.058, '0000-00-00 00:00:00', NULL, 0),
(1, 8, 67, 38.6933, -9.31831, 0.058, '0000-00-00 00:00:00', NULL, 0),
(1, 8, 68, 38.6932, -9.31826, 0.028, '0000-00-00 00:00:00', NULL, 0),
(1, 8, 69, 38.6929, -9.31825, 0.018, '0000-00-00 00:00:00', NULL, 0),
(1, 8, 70, 38.6924, -9.31827, 0.061, '0000-00-00 00:00:00', NULL, 0),
(1, 8, 71, 38.6917, -9.31833, 0.08, '0000-00-00 00:00:00', NULL, 0),
(1, 8, 72, 38.6913, -9.31836, 0.037, '0000-00-00 00:00:00', NULL, 0),
(1, 8, 73, 38.6913, -9.31838, 0.001, '0000-00-00 00:00:00', NULL, 0),
(1, 8, 74, 38.6913, -9.31838, 0.963, '0000-00-00 00:00:00', NULL, 0),
(1, 8, 75, 38.6913, -9.31838, 0.003, '0000-00-00 00:00:00', NULL, 0),
(1, 8, 76, 38.6911, -9.31837, 0.026, '0000-00-00 00:00:00', NULL, 0),
(1, 8, 77, 38.691, -9.31791, 0.045, '0000-00-00 00:00:00', NULL, 0),
(1, 8, 78, 38.691, -9.31757, 0.032, '0000-00-00 00:00:00', NULL, 0),
(1, 8, 79, 38.691, -9.31734, 0.015, '0000-00-00 00:00:00', NULL, 0),
(1, 8, 80, 38.6909, -9.31721, 0.012, '0000-00-00 00:00:00', NULL, 0),
(1, 8, 81, 38.6909, -9.31701, 0.017, '0000-00-00 00:00:00', NULL, 0),
(1, 8, 82, 38.6908, -9.31677, 0.022, '0000-00-00 00:00:00', NULL, 0),
(1, 8, 83, 38.6908, -9.31655, 0.021, '0000-00-00 00:00:00', NULL, 0),
(1, 8, 84, 38.691, -9.31472, 0.192, '0000-00-00 00:00:00', NULL, 0),
(1, 8, 85, 38.6922, -9.31375, 0.165, '0000-00-00 00:00:00', NULL, 0),
(1, 8, 86, 38.6921, -9.31388, 0.36, '0000-00-00 00:00:00', NULL, 0),
(1, 8, 87, 38.6923, -9.31376, 0.021, '0000-00-00 00:00:00', NULL, 0),
(1, 8, 88, 38.6923, -9.31354, 0.019, '0000-00-00 00:00:00', NULL, 0),
(1, 8, 89, 38.6924, -9.31333, 0.017, '0000-00-00 00:00:00', NULL, 0),
(1, 8, 90, 38.6926, -9.31316, 0.03, '0000-00-00 00:00:00', NULL, 0),
(1, 8, 91, 38.6927, -9.31295, 0.031, '0000-00-00 00:00:00', NULL, 0),
(1, 8, 92, 38.6928, -9.3126, 0.018, '0000-00-00 00:00:00', NULL, 0),
(1, 8, 93, 38.6927, -9.31219, 0.03, '0000-00-00 00:00:00', NULL, 0),
(1, 8, 94, 38.6927, -9.3117, 0.049, '0000-00-00 00:00:00', NULL, 0),
(1, 8, 95, 38.6927, -9.31125, 0.039, '0000-00-00 00:00:00', NULL, 0),
(1, 8, 96, 38.6928, -9.31086, 0.037, '0000-00-00 00:00:00', NULL, 0),
(1, 8, 97, 38.6929, -9.31035, 0.054, '0000-00-00 00:00:00', NULL, 0),
(1, 8, 98, 38.6931, -9.30984, 0.038, '0000-00-00 00:00:00', NULL, 0),
(1, 8, 99, 38.6931, -9.30936, 0.042, '0000-00-00 00:00:00', NULL, 0),
(1, 8, 100, 38.6931, -9.30921, 0.012, '0000-00-00 00:00:00', NULL, 0),
(1, 8, 101, 38.6932, -9.30899, 0.02, '0000-00-00 00:00:00', NULL, 0),
(1, 8, 102, 38.6932, -9.3086, 0.044, '0000-00-00 00:00:00', NULL, 0),
(1, 8, 103, 38.6936, -9.3084, 0.045, '0000-00-00 00:00:00', NULL, 0),
(1, 8, 104, 38.694, -9.308, 0.052, '0000-00-00 00:00:00', NULL, 0),
(1, 8, 105, 38.6944, -9.30771, 0.05, '0000-00-00 00:00:00', NULL, 0),
(1, 8, 106, 38.6949, -9.30731, 0.064, '0000-00-00 00:00:00', NULL, 0),
(1, 8, 107, 38.6953, -9.30698, 0.05, '0000-00-00 00:00:00', NULL, 0),
(1, 8, 108, 38.6957, -9.30668, 0.061, '0000-00-00 00:00:00', NULL, 0),
(1, 8, 109, 38.6958, -9.30622, 0.039, '0000-00-00 00:00:00', NULL, 0),
(1, 8, 110, 38.6958, -9.30585, 0.054, '0000-00-00 00:00:00', NULL, 0),
(1, 8, 111, 38.6961, -9.30599, 0.03, '0000-00-00 00:00:00', NULL, 0),
(1, 8, 112, 38.6964, -9.30616, 0.04, '0000-00-00 00:00:00', NULL, 0),
(1, 8, 113, 38.6966, -9.30627, 0.024, '0000-00-00 00:00:00', NULL, 0),
(1, 8, 114, 38.6968, -9.30629, 0.02, '0000-00-00 00:00:00', NULL, 0),
(1, 8, 115, 38.6971, -9.3063, 0.028, '0000-00-00 00:00:00', NULL, 0),
(1, 8, 116, 38.6973, -9.30628, 0.028, '0000-00-00 00:00:00', NULL, 0),
(1, 8, 117, 38.698, -9.30618, 0.08, '0000-00-00 00:00:00', NULL, 0),
(1, 8, 118, 38.6981, -9.30617, 0.013, '0000-00-00 00:00:00', NULL, 0),
(1, 8, 119, 38.6982, -9.30615, 0.016, '0000-00-00 00:00:00', NULL, 0),
(1, 8, 120, 38.6985, -9.30613, 0.02, '0000-00-00 00:00:00', NULL, 0),
(1, 8, 121, 38.6988, -9.30609, 0.044, '0000-00-00 00:00:00', NULL, 0),
(1, 8, 122, 38.6993, -9.30604, 0.056, '0000-00-00 00:00:00', NULL, 0),
(1, 8, 123, 38.6998, -9.30597, 0.056, '0000-00-00 00:00:00', NULL, 0),
(1, 8, 124, 38.7006, -9.3059, 0.08, '0000-00-00 00:00:00', NULL, 0),
(1, 8, 125, 38.7014, -9.30572, 0.091, '0000-00-00 00:00:00', NULL, 0),
(1, 8, 126, 38.7022, -9.30533, 0.097, '0000-00-00 00:00:00', NULL, 0),
(1, 8, 127, 38.7028, -9.30482, 0.081, '0000-00-00 00:00:00', NULL, 0),
(1, 11, 55, 38.7077, -9.3407, 0.0845081, '0000-00-00 00:00:00', 50.7049, 0),
(1, 11, 56, 38.7084, -9.34073, 0.076929, '0000-00-00 00:00:00', 46.1574, 0),
(1, 11, 57, 38.7089, -9.34136, 0.0724097, '0000-00-00 00:00:00', 43.4458, 0),
(1, 11, 58, 38.7085, -9.34235, 0.0972526, '0000-00-00 00:00:00', 58.3516, 0),
(1, 11, 59, 38.7081, -9.34352, 0.110837, '0000-00-00 00:00:00', 66.502, 0),
(1, 11, 60, 38.7081, -9.34499, 0.127453, '0000-00-00 00:00:00', 76.472, 0),
(1, 11, 61, 38.7084, -9.34672, 0.15461, '0000-00-00 00:00:00', 92.7662, 0),
(1, 11, 62, 38.7091, -9.34849, 0.169457, '0000-00-00 00:00:00', 101.674, 0),
(1, 11, 63, 38.71, -9.35016, 0.173973, '0000-00-00 00:00:00', 104.384, 0),
(1, 11, 64, 38.7108, -9.3515, 0.149245, '0000-00-00 00:00:00', 107.456, 0),
(1, 11, 65, 38.7118, -9.35311, 0.177628, '0000-00-00 00:00:00', 106.577, 0),
(1, 11, 66, 38.7126, -9.35438, 0.139203, '0000-00-00 00:00:00', 100.226, 0),
(1, 11, 67, 38.7135, -9.35584, 0.167484, '0000-00-00 00:00:00', 100.49, 0),
(1, 11, 68, 38.7147, -9.35711, 0.172137, '0000-00-00 00:00:00', 103.282, 0),
(1, 11, 69, 38.7159, -9.35836, 0.172462, '0000-00-00 00:00:00', 103.477, 0),
(1, 11, 70, 38.717, -9.35987, 0.17465, '0000-00-00 00:00:00', 104.79, 0),
(1, 11, 71, 38.7178, -9.36163, 0.180345, '0000-00-00 00:00:00', 108.207, 0),
(1, 11, 72, 38.7184, -9.36326, 0.152707, '0000-00-00 00:00:00', 109.949, 0),
(1, 11, 73, 38.7187, -9.36495, 0.151142, '0000-00-00 00:00:00', 108.822, 0),
(1, 11, 74, 38.7188, -9.367, 0.178159, '0000-00-00 00:00:00', 106.895, 0),
(1, 11, 75, 38.7187, -9.36866, 0.144952, '0000-00-00 00:00:00', 104.365, 0),
(1, 11, 76, 38.7184, -9.3706, 0.17173, '0000-00-00 00:00:00', 103.038, 0),
(1, 11, 77, 38.7182, -9.37221, 0.141825, '0000-00-00 00:00:00', 102.114, 0),
(1, 11, 78, 38.718, -9.37418, 0.171059, '0000-00-00 00:00:00', 102.635, 0),
(1, 11, 79, 38.7181, -9.37616, 0.172513, '0000-00-00 00:00:00', 103.508, 0),
(1, 11, 80, 38.7181, -9.37822, 0.178242, '0000-00-00 00:00:00', 106.945, 0),
(1, 11, 81, 38.7181, -9.38027, 0.178299, '0000-00-00 00:00:00', 106.979, 0),
(1, 11, 82, 38.718, -9.38232, 0.178082, '0000-00-00 00:00:00', 106.849, 0),
(1, 11, 83, 38.7177, -9.38429, 0.174492, '0000-00-00 00:00:00', 104.695, 0),
(1, 11, 84, 38.7174, -9.38625, 0.172243, '0000-00-00 00:00:00', 103.346, 0),
(1, 11, 85, 38.7174, -9.38811, 0.162118, '0000-00-00 00:00:00', 97.271, 0),
(1, 11, 86, 38.7177, -9.38994, 0.161405, '0000-00-00 00:00:00', 96.8428, 0),
(1, 11, 87, 38.718, -9.39171, 0.158128, '0000-00-00 00:00:00', 94.8771, 0),
(1, 11, 88, 38.7186, -9.39335, 0.154488, '0000-00-00 00:00:00', 92.693, 0),
(1, 11, 89, 38.7196, -9.39466, 0.156845, '0000-00-00 00:00:00', 94.107, 0),
(1, 11, 90, 38.7205, -9.39555, 0.132182, '0000-00-00 00:00:00', 95.1708, 0),
(1, 11, 91, 38.7217, -9.39662, 0.158072, '0000-00-00 00:00:00', 94.8432, 0),
(1, 11, 92, 38.7226, -9.39749, 0.130008, '0000-00-00 00:00:00', 93.6059, 0),
(1, 11, 93, 38.7237, -9.39851, 0.152347, '0000-00-00 00:00:00', 91.4085, 0),
(1, 11, 94, 38.7248, -9.39961, 0.149117, '0000-00-00 00:00:00', 89.4704, 0),
(1, 11, 95, 38.7256, -9.40088, 0.146284, '0000-00-00 00:00:00', 87.7703, 0),
(1, 11, 96, 38.7263, -9.40232, 0.14494, '0000-00-00 00:00:00', 86.9638, 0),
(1, 11, 97, 38.7268, -9.4039, 0.146295, '0000-00-00 00:00:00', 87.7767, 0),
(1, 11, 98, 38.727, -9.40562, 0.151638, '0000-00-00 00:00:00', 90.9829, 0),
(1, 11, 99, 38.727, -9.4074, 0.154278, '0000-00-00 00:00:00', 92.5671, 0),
(1, 11, 100, 38.7267, -9.40914, 0.154231, '0000-00-00 00:00:00', 92.5387, 0),
(1, 11, 101, 38.7262, -9.41076, 0.150389, '0000-00-00 00:00:00', 90.2334, 0),
(1, 11, 102, 38.7258, -9.41203, 0.117735, '0000-00-00 00:00:00', 84.7689, 0),
(1, 11, 103, 38.7257, -9.41323, 0.106964, '0000-00-00 00:00:00', 77.014, 0),
(1, 11, 104, 38.7257, -9.41442, 0.102514, '0000-00-00 00:00:00', 73.8099, 0),
(1, 11, 105, 38.7259, -9.41573, 0.117261, '0000-00-00 00:00:00', 70.3563, 0),
(1, 11, 106, 38.7263, -9.41633, 0.067968, '0000-00-00 00:00:00', 48.9369, 0),
(1, 11, 107, 38.7271, -9.41621, 0.0853056, '0000-00-00 00:00:00', 51.1833, 0),
(1, 11, 108, 38.7278, -9.41569, 0.097042, '0000-00-00 00:00:00', 58.2252, 0),
(1, 11, 109, 38.7288, -9.41538, 0.108821, '0000-00-00 00:00:00', 65.2923, 0),
(1, 11, 110, 38.7298, -9.41547, 0.117045, '0000-00-00 00:00:00', 70.2271, 0),
(1, 11, 111, 38.7309, -9.41571, 0.122181, '0000-00-00 00:00:00', 73.3086, 0),
(1, 11, 112, 38.732, -9.41571, 0.115821, '0000-00-00 00:00:00', 69.4924, 0),
(1, 11, 113, 38.7329, -9.41538, 0.104429, '0000-00-00 00:00:00', 62.6572, 0),
(1, 11, 114, 38.7337, -9.41465, 0.11277, '0000-00-00 00:00:00', 67.662, 0),
(1, 11, 115, 38.7345, -9.41357, 0.124581, '0000-00-00 00:00:00', 74.7486, 0),
(1, 11, 116, 38.7352, -9.41233, 0.138399, '0000-00-00 00:00:00', 83.0393, 0),
(1, 11, 117, 38.7361, -9.411, 0.147383, '0000-00-00 00:00:00', 88.4295, 0),
(1, 11, 118, 38.7369, -9.40963, 0.147853, '0000-00-00 00:00:00', 88.712, 0),
(1, 11, 119, 38.7374, -9.4084, 0.120861, '0000-00-00 00:00:00', 87.0202, 0),
(1, 11, 120, 38.7378, -9.40685, 0.142992, '0000-00-00 00:00:00', 85.7952, 0),
(1, 11, 121, 38.7381, -9.40564, 0.110383, '0000-00-00 00:00:00', 79.4758, 0),
(1, 11, 122, 38.7384, -9.40453, 0.101098, '0000-00-00 00:00:00', 72.7905, 0),
(1, 11, 123, 38.7387, -9.40334, 0.108133, '0000-00-00 00:00:00', 64.8795, 0),
(1, 11, 124, 38.7389, -9.40246, 0.0803729, '0000-00-00 00:00:00', 57.8685, 0),
(1, 11, 125, 38.7391, -9.40148, 0.0880017, '0000-00-00 00:00:00', 52.801, 0),
(1, 11, 126, 38.7393, -9.40062, 0.0778666, '0000-00-00 00:00:00', 46.7199, 0),
(1, 11, 127, 38.7393, -9.40014, 0.042548, '0000-00-00 00:00:00', 25.5288, 0),
(1, 11, 128, 38.7392, -9.40019, 0.0158401, '0000-00-00 00:00:00', 9.50404, 0),
(1, 11, 129, 38.7391, -9.40028, 0.0131921, '0000-00-00 00:00:00', 7.91524, 0),
(1, 11, 130, 38.7389, -9.40028, 0.0133434, '0000-00-00 00:00:00', 8.00603, 0),
(1, 11, 131, 38.7389, -9.40027, 0.00984679, '0000-00-00 00:00:00', 5.90808, 0),
(1, 11, 132, 38.732, -9.40599, 0.905373, '0000-00-00 00:00:00', 9.53025, 0),
(1, 11, 133, 38.7386, -9.39849, 0.977097, '0000-00-00 00:00:00', 0.215562, 0),
(1, 11, 134, 38.7386, -9.39848, 0.00118416, '0000-00-00 00:00:00', 0.852596, 0),
(1, 11, 135, 38.7386, -9.39849, 0.00118416, '0000-00-00 00:00:00', 0.426298, 0),
(1, 11, 136, 38.7386, -9.39847, 0.00186357, '0000-00-00 00:00:00', 0.447256, 0),
(1, 11, 137, 38.7386, -9.39846, 0.00120323, '0000-00-00 00:00:00', 0.393783, 0),
(1, 11, 138, 38.7386, -9.39845, 0.00119686, '0000-00-00 00:00:00', 0.861739, 0),
(1, 11, 139, 38.7386, -9.39849, 0.00405515, '0000-00-00 00:00:00', 1.45986, 0),
(1, 11, 140, 38.7386, -9.39844, 0.00465054, '0000-00-00 00:00:00', 0.669678, 0),
(1, 11, 141, 38.7386, -9.39846, 0.00239275, '0000-00-00 00:00:00', 1.72278, 0),
(1, 11, 142, 38.7386, -9.39847, 0.00120037, '0000-00-00 00:00:00', 0.864265, 0),
(1, 11, 143, 38.7385, -9.39849, 0.00360492, '0000-00-00 00:00:00', 2.59554, 0),
(1, 11, 144, 38.7385, -9.3985, 0.000592289, '0000-00-00 00:00:00', 0.426448, 0),
(1, 11, 145, 38.7386, -9.39849, 0.00652798, '0000-00-00 00:00:00', 2.35007, 0),
(1, 11, 146, 38.7385, -9.39851, 0.00887694, '0000-00-00 00:00:00', 2.13047, 0),
(1, 11, 147, 38.7385, -9.39851, 0.0053938, '0000-00-00 00:00:00', 1.61814, 0),
(1, 11, 148, 38.7385, -9.39851, 0.00179102, '0000-00-00 00:00:00', 3.22383, 0),
(1, 11, 149, 38.7384, -9.3985, 0.00120136, '0000-00-00 00:00:00', 2.16246, 0),
(1, 11, 150, 38.7397, -9.39833, 0.145881, '0000-00-00 00:00:00', 58.3523, 0),
(1, 11, 151, 38.74, -9.39853, 0.0338023, '0000-00-00 00:00:00', 24.3376, 0),
(1, 11, 152, 38.7405, -9.39864, 0.0507275, '0000-00-00 00:00:00', 16.6017, 0),
(1, 11, 153, 38.7406, -9.39788, 0.0678556, '0000-00-00 00:00:00', 30.535, 0),
(1, 11, 154, 38.7403, -9.3983, 0.04675, '0000-00-00 00:00:00', 18.7, 0),
(1, 11, 155, 38.74, -9.39927, 0.09188, '0000-00-00 00:00:00', 165.384, 0),
(1, 11, 156, 38.7397, -9.40036, 0.0996852, '0000-00-00 00:00:00', 71.7733, 0),
(1, 11, 157, 38.7393, -9.40189, 0.139584, '0000-00-00 00:00:00', 83.7504, 0),
(1, 11, 158, 38.7389, -9.40356, 0.15294, '0000-00-00 00:00:00', 91.7641, 0),
(1, 11, 159, 38.7385, -9.40526, 0.155256, '0000-00-00 00:00:00', 93.1536, 0),
(1, 11, 160, 38.738, -9.40693, 0.153335, '0000-00-00 00:00:00', 92.0007, 0),
(1, 11, 161, 38.7376, -9.40862, 0.155104, '0000-00-00 00:00:00', 93.0622, 0),
(1, 11, 162, 38.737, -9.41, 0.133159, '0000-00-00 00:00:00', 95.8744, 0),
(1, 11, 163, 38.7361, -9.41146, 0.160149, '0000-00-00 00:00:00', 96.0897, 0),
(1, 11, 164, 38.7354, -9.41256, 0.123485, '0000-00-00 00:00:00', 88.9089, 0),
(1, 11, 165, 38.7347, -9.41377, 0.135464, '0000-00-00 00:00:00', 81.2783, 0),
(1, 11, 166, 38.7341, -9.41463, 0.0990494, '0000-00-00 00:00:00', 71.3156, 0),
(1, 11, 167, 38.7333, -9.41547, 0.111857, '0000-00-00 00:00:00', 67.1139, 0),
(1, 11, 168, 38.7324, -9.41597, 0.112543, '0000-00-00 00:00:00', 67.526, 0),
(1, 11, 169, 38.7315, -9.41606, 0.0981856, '0000-00-00 00:00:00', 70.6937, 0),
(1, 11, 170, 38.7305, -9.41587, 0.114695, '0000-00-00 00:00:00', 68.817, 0),
(1, 11, 171, 38.7297, -9.41568, 0.0916358, '0000-00-00 00:00:00', 65.9778, 0),
(1, 11, 172, 38.7286, -9.41568, 0.117135, '0000-00-00 00:00:00', 70.281, 0),
(1, 11, 173, 38.7279, -9.41637, 0.101936, '0000-00-00 00:00:00', 61.1619, 0),
(1, 11, 174, 38.7276, -9.41725, 0.0845225, '0000-00-00 00:00:00', 60.8562, 0),
(1, 11, 175, 38.727, -9.41806, 0.0931213, '0000-00-00 00:00:00', 55.8728, 0),
(1, 11, 176, 38.7263, -9.41814, 0.0798067, '0000-00-00 00:00:00', 57.4608, 0),
(1, 11, 177, 38.7257, -9.41752, 0.0811266, '0000-00-00 00:00:00', 58.4111, 0),
(1, 11, 178, 38.7256, -9.4164, 0.097918, '0000-00-00 00:00:00', 70.501, 0),
(1, 11, 179, 38.7256, -9.41487, 0.132955, '0000-00-00 00:00:00', 79.7732, 0),
(1, 11, 180, 38.7255, -9.41316, 0.148761, '0000-00-00 00:00:00', 89.2568, 0),
(1, 11, 181, 38.7258, -9.41176, 0.124571, '0000-00-00 00:00:00', 89.691, 0),
(1, 11, 182, 38.7262, -9.41017, 0.14797, '0000-00-00 00:00:00', 88.7819, 0),
(1, 11, 183, 38.7267, -9.40845, 0.157761, '0000-00-00 00:00:00', 94.6568, 0),
(1, 11, 184, 38.7269, -9.40691, 0.13549, '0000-00-00 00:00:00', 97.5529, 0),
(1, 11, 185, 38.7269, -9.40527, 0.142559, '0000-00-00 00:00:00', 102.643, 0),
(1, 11, 186, 38.7265, -9.40328, 0.176906, '0000-00-00 00:00:00', 106.143, 0),
(1, 11, 187, 38.726, -9.40174, 0.147946, '0000-00-00 00:00:00', 106.521, 0),
(1, 11, 188, 38.725, -9.40011, 0.175285, '0000-00-00 00:00:00', 105.171, 0),
(1, 11, 189, 38.7238, -9.39874, 0.182121, '0000-00-00 00:00:00', 109.273, 0),
(1, 11, 190, 38.7224, -9.39747, 0.18591, '0000-00-00 00:00:00', 111.546, 0),
(1, 11, 191, 38.7213, -9.3964, 0.157325, '0000-00-00 00:00:00', 113.274, 0),
(1, 11, 192, 38.7199, -9.39509, 0.193475, '0000-00-00 00:00:00', 116.085, 0),
(1, 11, 193, 38.7188, -9.39396, 0.154529, '0000-00-00 00:00:00', 111.261, 0),
(1, 11, 194, 38.718, -9.39221, 0.175102, '0000-00-00 00:00:00', 105.061, 0),
(1, 11, 195, 38.7177, -9.39017, 0.181737, '0000-00-00 00:00:00', 109.042, 0),
(1, 11, 196, 38.7173, -9.38838, 0.159344, '0000-00-00 00:00:00', 114.728, 0),
(1, 11, 197, 38.7172, -9.38616, 0.192903, '0000-00-00 00:00:00', 115.742, 0),
(1, 11, 198, 38.7175, -9.38402, 0.188707, '0000-00-00 00:00:00', 67.9345, 0),
(1, 11, 199, 38.7178, -9.38229, 0.153032, '0000-00-00 00:00:00', 110.183, 0),
(1, 11, 200, 38.718, -9.38013, 0.187993, '0000-00-00 00:00:00', 338.388, 0),
(1, 11, 201, 38.718, -9.37837, 0.152992, '0000-00-00 00:00:00', 110.154, 0),
(1, 11, 202, 38.7179, -9.3767, 0.145366, '0000-00-00 00:00:00', 104.663, 0),
(1, 11, 203, 38.7178, -9.37478, 0.166628, '0000-00-00 00:00:00', 99.9766, 0),
(1, 11, 204, 38.7179, -9.37322, 0.135457, '0000-00-00 00:00:00', 97.529, 0),
(1, 11, 205, 38.718, -9.37163, 0.138876, '0000-00-00 00:00:00', 99.991, 0),
(1, 11, 206, 38.7184, -9.36966, 0.175125, '0000-00-00 00:00:00', 105.075, 0),
(1, 11, 207, 38.7186, -9.3676, 0.180356, '0000-00-00 00:00:00', 108.214, 0),
(1, 11, 208, 38.7186, -9.36551, 0.182084, '0000-00-00 00:00:00', 109.251, 0),
(1, 11, 209, 38.7184, -9.36385, 0.146043, '0000-00-00 00:00:00', 105.151, 0),
(1, 11, 210, 38.7179, -9.36232, 0.140977, '0000-00-00 00:00:00', 101.503, 0),
(1, 11, 211, 38.7172, -9.36064, 0.165557, '0000-00-00 00:00:00', 99.334, 0),
(1, 11, 212, 38.7165, -9.35938, 0.138293, '0000-00-00 00:00:00', 99.571, 0),
(1, 11, 213, 38.7156, -9.35824, 0.140682, '0000-00-00 00:00:00', 101.291, 0),
(1, 11, 214, 38.7143, -9.35701, 0.172411, '0000-00-00 00:00:00', 103.447, 0),
(1, 11, 215, 38.7131, -9.35566, 0.178305, '0000-00-00 00:00:00', 106.983, 0),
(1, 11, 216, 38.7121, -9.35412, 0.172796, '0000-00-00 00:00:00', 103.678, 0),
(1, 11, 217, 38.7113, -9.35272, 0.154145, '0000-00-00 00:00:00', 92.4869, 0),
(1, 11, 218, 38.7105, -9.3514, 0.144449, '0000-00-00 00:00:00', 86.6692, 0),
(1, 11, 219, 38.7098, -9.35022, 0.12896, '0000-00-00 00:00:00', 77.3758, 0),
(1, 11, 220, 38.7092, -9.34925, 0.103697, '0000-00-00 00:00:00', 74.6619, 0),
(1, 11, 221, 38.7088, -9.34821, 0.104376, '0000-00-00 00:00:00', 75.1505, 0),
(1, 11, 222, 38.7083, -9.34687, 0.126528, '0000-00-00 00:00:00', 75.9171, 0),
(1, 11, 223, 38.708, -9.3455, 0.123515, '0000-00-00 00:00:00', 74.1089, 0),
(1, 11, 224, 38.7079, -9.34414, 0.119621, '0000-00-00 00:00:00', 71.7727, 0),
(1, 11, 225, 38.7078, -9.34273, 0.12262, '0000-00-00 00:00:00', 73.5719, 0),
(1, 11, 226, 38.7077, -9.34155, 0.103533, '0000-00-00 00:00:00', 62.1198, 0),
(1, 11, 227, 38.7071, -9.34089, 0.0872294, '0000-00-00 00:00:00', 52.3376, 0),
(1, 11, 228, 38.7064, -9.34076, 0.0757571, '0000-00-00 00:00:00', 45.4543, 0),
(1, 11, 229, 38.7058, -9.34079, 0.0700911, '0000-00-00 00:00:00', 42.0547, 0),
(1, 11, 230, 38.7055, -9.3408, 0.0252071, '0000-00-00 00:00:00', 15.1242, 0),
(1, 11, 231, 38.7055, -9.3408, 0.00113162, '0000-00-00 00:00:00', 0.678971, 0),
(1, 11, 232, 38.7055, -9.34094, 0.0125218, '0000-00-00 00:00:00', 1.18627, 0),
(1, 11, 233, 38.7055, -9.34089, 0.00455611, '0000-00-00 00:00:00', 0.585785, 0),
(1, 11, 234, 38.7055, -9.3409, 0.000909847, '0000-00-00 00:00:00', 0.545908, 0),
(1, 11, 235, 38.7054, -9.34087, 0.0122737, '0000-00-00 00:00:00', 1.84106, 0),
(1, 11, 236, 38.7051, -9.34089, 0.0395123, '0000-00-00 00:00:00', 23.7074, 0),
(1, 11, 237, 38.7045, -9.34086, 0.0562137, '0000-00-00 00:00:00', 33.7282, 0),
(1, 11, 238, 38.7043, -9.34069, 0.0274759, '0000-00-00 00:00:00', 16.4856, 0),
(1, 11, 239, 38.7041, -9.3406, 0.0233224, '0000-00-00 00:00:00', 13.9934, 0),
(1, 11, 240, 38.7037, -9.3408, 0.0545405, '0000-00-00 00:00:00', 32.7243, 0),
(1, 11, 241, 38.7033, -9.34098, 0.0493362, '0000-00-00 00:00:00', 35.5221, 0),
(1, 11, 242, 38.7029, -9.34092, 0.0414703, '0000-00-00 00:00:00', 29.8586, 0),
(1, 11, 243, 38.7025, -9.34084, 0.0391345, '0000-00-00 00:00:00', 23.4807, 0),
(1, 11, 244, 38.7023, -9.34081, 0.0237001, '0000-00-00 00:00:00', 17.0641, 0),
(1, 11, 245, 38.7021, -9.34081, 0.0224284, '0000-00-00 00:00:00', 16.1485, 0),
(1, 11, 246, 38.7021, -9.34088, 0.0103174, '0000-00-00 00:00:00', 7.42849, 0),
(1, 11, 247, 38.7019, -9.34094, 0.0154467, '0000-00-00 00:00:00', 11.1216, 0),
(1, 11, 248, 38.7018, -9.34079, 0.0210721, '0000-00-00 00:00:00', 12.6433, 0),
(1, 11, 249, 38.7015, -9.34081, 0.0317856, '0000-00-00 00:00:00', 22.8856, 0),
(1, 11, 250, 38.701, -9.34092, 0.0567362, '0000-00-00 00:00:00', 34.0417, 0),
(1, 11, 251, 38.7005, -9.34101, 0.0502932, '0000-00-00 00:00:00', 36.2111, 0),
(1, 11, 252, 38.7, -9.34112, 0.0594035, '0000-00-00 00:00:00', 35.6421, 0),
(1, 11, 253, 38.6999, -9.34115, 0.0165663, '0000-00-00 00:00:00', 9.93977, 0),
(1, 11, 254, 38.6996, -9.34121, 0.0335988, '0000-00-00 00:00:00', 24.1912, 0),
(1, 11, 255, 38.6991, -9.3413, 0.0525225, '0000-00-00 00:00:00', 31.5135, 0),
(1, 11, 256, 38.6988, -9.34135, 0.0380074, '0000-00-00 00:00:00', 27.3653, 0),
(1, 11, 257, 38.6984, -9.34142, 0.0358862, '0000-00-00 00:00:00', 21.5317, 0),
(1, 11, 258, 38.6979, -9.34154, 0.054954, '0000-00-00 00:00:00', 32.9724, 0),
(1, 11, 259, 38.6974, -9.34168, 0.061206, '0000-00-00 00:00:00', 36.7236, 0),
(1, 11, 260, 38.697, -9.34177, 0.0460788, '0000-00-00 00:00:00', 33.1767, 0),
(1, 11, 261, 38.6964, -9.34177, 0.0617147, '0000-00-00 00:00:00', 37.0288, 0),
(1, 11, 262, 38.6958, -9.34168, 0.0672075, '0000-00-00 00:00:00', 40.3245, 0),
(1, 11, 263, 38.6955, -9.34178, 0.0450315, '0000-00-00 00:00:00', 27.0189, 0),
(1, 11, 264, 38.6954, -9.34222, 0.0380508, '0000-00-00 00:00:00', 22.8305, 0),
(1, 11, 265, 38.6957, -9.3427, 0.0492691, '0000-00-00 00:00:00', 29.5615, 0),
(1, 11, 266, 38.6959, -9.34305, 0.0366157, '0000-00-00 00:00:00', 26.3633, 0),
(1, 11, 267, 38.696, -9.34338, 0.0335118, '0000-00-00 00:00:00', 20.1071, 0),
(1, 11, 268, 38.6961, -9.34363, 0.0245142, '0000-00-00 00:00:00', 17.6502, 0),
(1, 11, 269, 38.696, -9.3438, 0.0178955, '0000-00-00 00:00:00', 10.7373, 0),
(1, 11, 270, 38.6959, -9.34392, 0.0169581, '0000-00-00 00:00:00', 10.1749, 0),
(1, 11, 271, 38.6957, -9.34409, 0.0292677, '0000-00-00 00:00:00', 21.0728, 0),
(1, 11, 272, 38.6953, -9.34464, 0.0619638, '0000-00-00 00:00:00', 37.1783, 0),
(1, 11, 273, 38.6952, -9.34546, 0.0735068, '0000-00-00 00:00:00', 44.1041, 0),
(1, 11, 274, 38.6952, -9.34582, 0.0315154, '0000-00-00 00:00:00', 18.9093, 0),
(1, 11, 275, 38.6955, -9.346, 0.031258, '0000-00-00 00:00:00', 22.5058, 0),
(1, 11, 276, 38.6955, -9.34629, 0.0246127, '0000-00-00 00:00:00', 17.7212, 0),
(1, 11, 277, 38.6953, -9.34666, 0.0372107, '0000-00-00 00:00:00', 22.3264, 0),
(1, 11, 278, 38.6952, -9.34704, 0.0365749, '0000-00-00 00:00:00', 21.9449, 0),
(1, 11, 279, 38.6952, -9.34739, 0.0303686, '0000-00-00 00:00:00', 18.2211, 0),
(1, 11, 280, 38.6954, -9.34757, 0.0294233, '0000-00-00 00:00:00', 21.1848, 0),
(1, 11, 281, 38.6956, -9.34769, 0.0304062, '0000-00-00 00:00:00', 21.8925, 0),
(1, 11, 282, 38.696, -9.34787, 0.0432373, '0000-00-00 00:00:00', 25.9424, 0),
(1, 11, 283, 38.6963, -9.34793, 0.0373499, '0000-00-00 00:00:00', 22.4099, 0),
(1, 11, 284, 38.6965, -9.34762, 0.0303422, '0000-00-00 00:00:00', 18.2053, 0),
(1, 11, 285, 38.6964, -9.3473, 0.0293548, '0000-00-00 00:00:00', 21.1355, 0),
(1, 11, 286, 38.6963, -9.34693, 0.033898, '0000-00-00 00:00:00', 20.3388, 0),
(1, 11, 287, 38.6961, -9.34687, 0.0183961, '0000-00-00 00:00:00', 13.2452, 0),
(1, 11, 288, 38.6959, -9.34683, 0.0219363, '0000-00-00 00:00:00', 13.1618, 0),
(1, 11, 289, 38.6958, -9.34673, 0.015611, '0000-00-00 00:00:00', 11.2399, 0),
(1, 11, 290, 38.6958, -9.34673, 0.00426838, '0000-00-00 00:00:00', 2.56103, 0),
(1, 11, 291, 38.6958, -9.34674, 0.00109081, '0000-00-00 00:00:00', 0.785385, 0),
(1, 10, 0, 38.7456, -9.30677, 6.56415, '0000-00-00 00:00:00', 0, 0),
(1, 10, 1, 38.7458, -9.30665, 0.0207013, '0000-00-00 00:00:00', 7.45248, 0),
(1, 10, 2, 38.7458, -9.30665, 0.00189608, '0000-00-00 00:00:00', 1.36518, 0),
(1, 10, 3, 38.7458, -9.30668, 0.00262209, '0000-00-00 00:00:00', 0.858138, 0),
(1, 10, 4, 38.7459, -9.30669, 0.00302523, '0000-00-00 00:00:00', 2.17817, 0),
(1, 10, 5, 38.7458, -9.30675, 0.0106927, '0000-00-00 00:00:00', 38.4937, 0),
(1, 10, 6, 38.7456, -9.30674, 0.0218889, '0000-00-00 00:00:00', 15.76, 0),
(1, 10, 7, 38.7453, -9.30662, 0.0320306, '0000-00-00 00:00:00', 19.2183, 0),
(1, 10, 8, 38.745, -9.30651, 0.0295838, '0000-00-00 00:00:00', 21.3003, 0),
(1, 10, 9, 38.7449, -9.30658, 0.0178006, '0000-00-00 00:00:00', 10.6804, 0),
(1, 10, 10, 38.7448, -9.30664, 0.0120432, '0000-00-00 00:00:00', 7.22593, 0),
(1, 10, 11, 38.7445, -9.30645, 0.0406727, '0000-00-00 00:00:00', 24.4036, 0),
(1, 10, 12, 38.7441, -9.30627, 0.0402825, '0000-00-00 00:00:00', 29.0034, 0),
(1, 10, 13, 38.7438, -9.30616, 0.0331824, '0000-00-00 00:00:00', 19.9094, 0),
(1, 10, 14, 38.7437, -9.30642, 0.0278514, '0000-00-00 00:00:00', 20.053, 0),
(1, 10, 15, 38.7434, -9.30698, 0.0578685, '0000-00-00 00:00:00', 34.7211, 0),
(1, 10, 16, 38.7431, -9.30753, 0.0617117, '0000-00-00 00:00:00', 44.4324, 0),
(1, 10, 17, 38.7425, -9.30812, 0.077231, '0000-00-00 00:00:00', 46.3386, 0),
(1, 10, 18, 38.7421, -9.30854, 0.065458, '0000-00-00 00:00:00', 47.1298, 0),
(1, 10, 19, 38.7415, -9.30885, 0.0658462, '0000-00-00 00:00:00', 47.4093, 0),
(1, 10, 20, 38.741, -9.30905, 0.0638601, '0000-00-00 00:00:00', 45.9793, 0),
(1, 10, 21, 38.7403, -9.30917, 0.0738684, '0000-00-00 00:00:00', 44.3211, 0),
(1, 10, 22, 38.7397, -9.30912, 0.0673623, '0000-00-00 00:00:00', 40.4174, 0),
(1, 10, 23, 38.7393, -9.30906, 0.046097, '0000-00-00 00:00:00', 27.6582, 0),
(1, 10, 24, 38.7389, -9.30898, 0.0454341, '0000-00-00 00:00:00', 27.2605, 0),
(1, 10, 25, 38.7385, -9.30894, 0.0388843, '0000-00-00 00:00:00', 23.3306, 0),
(1, 10, 26, 38.7381, -9.30889, 0.0433666, '0000-00-00 00:00:00', 26.0199, 0),
(1, 10, 27, 38.7377, -9.30884, 0.0493459, '0000-00-00 00:00:00', 29.6076, 0),
(1, 10, 28, 38.7373, -9.30879, 0.0448246, '0000-00-00 00:00:00', 32.2737, 0),
(1, 10, 29, 38.7369, -9.30876, 0.0488222, '0000-00-00 00:00:00', 29.2933, 0),
(1, 10, 30, 38.7366, -9.30874, 0.0302614, '0000-00-00 00:00:00', 18.1569, 0),
(1, 10, 31, 38.7364, -9.3089, 0.0301156, '0000-00-00 00:00:00', 18.0693, 0),
(1, 10, 32, 38.7361, -9.30857, 0.0385675, '0000-00-00 00:00:00', 13.8843, 0),
(1, 10, 33, 38.7359, -9.30815, 0.0466249, '0000-00-00 00:00:00', 83.9248, 0),
(1, 10, 34, 38.7356, -9.3077, 0.0501577, '0000-00-00 00:00:00', 30.0946, 0),
(1, 10, 35, 38.7353, -9.3072, 0.0546036, '0000-00-00 00:00:00', 32.7621, 0),
(1, 10, 36, 38.735, -9.30673, 0.051172, '0000-00-00 00:00:00', 36.8439, 0),
(1, 10, 37, 38.7348, -9.30639, 0.0380737, '0000-00-00 00:00:00', 27.413, 0),
(1, 10, 38, 38.7347, -9.3063, 0.0104577, '0000-00-00 00:00:00', 7.52957, 0),
(1, 10, 39, 38.7347, -9.3063, 0.000568096, '0000-00-00 00:00:00', 0.340858, 0),
(1, 10, 40, 38.7347, -9.30622, 0.00836666, '0000-00-00 00:00:00', 5.02, 0),
(1, 10, 41, 38.7345, -9.30583, 0.0410695, '0000-00-00 00:00:00', 24.6417, 0),
(1, 10, 42, 38.7342, -9.30532, 0.0535478, '0000-00-00 00:00:00', 32.1287, 0),
(1, 10, 43, 38.7339, -9.30472, 0.0635888, '0000-00-00 00:00:00', 38.1533, 0),
(1, 10, 44, 38.7336, -9.30413, 0.0617196, '0000-00-00 00:00:00', 37.0318, 0),
(1, 10, 45, 38.7334, -9.30377, 0.0382657, '0000-00-00 00:00:00', 22.9594, 0),
(1, 10, 46, 38.7334, -9.30334, 0.0370136, '0000-00-00 00:00:00', 26.6498, 0),
(1, 10, 47, 38.7334, -9.30261, 0.0633588, '0000-00-00 00:00:00', 38.0153, 0),
(1, 10, 48, 38.7334, -9.30175, 0.0744505, '0000-00-00 00:00:00', 44.6703, 0),
(1, 10, 49, 38.7334, -9.30085, 0.0780146, '0000-00-00 00:00:00', 46.8087, 0),
(1, 10, 50, 38.7334, -9.30011, 0.0642557, '0000-00-00 00:00:00', 46.2641, 0),
(1, 10, 51, 38.7332, -9.29932, 0.0711437, '0000-00-00 00:00:00', 42.6862, 0),
(1, 10, 52, 38.733, -9.29892, 0.0418157, '0000-00-00 00:00:00', 25.0894, 0),
(1, 10, 53, 38.733, -9.29889, 0.00712646, '0000-00-00 00:00:00', 4.27588, 0),
(1, 10, 54, 38.7329, -9.29888, 0.000479486, '0000-00-00 00:00:00', 0.34523, 0),
(1, 10, 55, 38.7327, -9.2988, 0.0314098, '0000-00-00 00:00:00', 18.8459, 0),
(1, 10, 56, 38.7323, -9.29896, 0.0446979, '0000-00-00 00:00:00', 32.1825, 0),
(1, 10, 57, 38.7319, -9.29935, 0.0577535, '0000-00-00 00:00:00', 41.5825, 0),
(1, 10, 58, 38.7314, -9.29984, 0.0703123, '0000-00-00 00:00:00', 42.1874, 0),
(1, 10, 59, 38.731, -9.30021, 0.0546764, '0000-00-00 00:00:00', 39.367, 0),
(1, 10, 60, 38.7305, -9.3006, 0.0584679, '0000-00-00 00:00:00', 35.0807, 0),
(1, 10, 61, 38.7303, -9.30076, 0.0272367, '0000-00-00 00:00:00', 19.6104, 0),
(1, 10, 62, 38.7301, -9.30101, 0.0342544, '0000-00-00 00:00:00', 20.5526, 0),
(1, 10, 63, 38.7298, -9.30127, 0.0429893, '0000-00-00 00:00:00', 25.7936, 0),
(1, 10, 64, 38.7294, -9.30142, 0.0461607, '0000-00-00 00:00:00', 27.6964, 0),
(1, 10, 65, 38.729, -9.30156, 0.046569, '0000-00-00 00:00:00', 33.5296, 0),
(1, 10, 66, 38.7284, -9.30176, 0.0642478, '0000-00-00 00:00:00', 38.5487, 0),
(1, 10, 67, 38.7278, -9.30197, 0.0668345, '0000-00-00 00:00:00', 40.1007, 0),
(1, 10, 68, 38.7273, -9.30207, 0.0643466, '0000-00-00 00:00:00', 38.6079, 0),
(1, 10, 69, 38.7266, -9.30215, 0.0757831, '0000-00-00 00:00:00', 45.4699, 0),
(1, 10, 70, 38.726, -9.30223, 0.067992, '0000-00-00 00:00:00', 48.9542, 0),
(1, 10, 71, 38.7252, -9.30232, 0.0855604, '0000-00-00 00:00:00', 51.3362, 0),
(1, 10, 72, 38.7244, -9.30242, 0.0847896, '0000-00-00 00:00:00', 50.8737, 0),
(1, 10, 73, 38.7238, -9.30249, 0.069059, '0000-00-00 00:00:00', 49.7225, 0),
(1, 10, 74, 38.7231, -9.30259, 0.0784641, '0000-00-00 00:00:00', 47.0785, 0),
(1, 10, 75, 38.7229, -9.30264, 0.026838, '0000-00-00 00:00:00', 19.3233, 0),
(1, 10, 76, 38.7227, -9.30277, 0.0201342, '0000-00-00 00:00:00', 14.4966, 0),
(1, 10, 77, 38.7224, -9.30274, 0.037351, '0000-00-00 00:00:00', 22.4106, 0),
(1, 10, 78, 38.7219, -9.30277, 0.0510688, '0000-00-00 00:00:00', 30.6413, 0),
(1, 10, 79, 38.7215, -9.30279, 0.0463576, '0000-00-00 00:00:00', 33.3775, 0),
(1, 10, 80, 38.721, -9.30275, 0.0593938, '0000-00-00 00:00:00', 35.6363, 0),
(1, 10, 81, 38.7206, -9.30272, 0.0477041, '0000-00-00 00:00:00', 34.347, 0),
(1, 10, 82, 38.7202, -9.30269, 0.0455038, '0000-00-00 00:00:00', 27.3023, 0),
(1, 10, 83, 38.7201, -9.30268, 0.0100116, '0000-00-00 00:00:00', 7.20838, 0),
(1, 10, 84, 38.7201, -9.30269, 0.000395473, '0000-00-00 00:00:00', 0.284741, 0),
(1, 10, 85, 38.72, -9.30268, 0.00317168, '0000-00-00 00:00:00', 1.26867, 0),
(1, 10, 86, 38.7199, -9.30266, 0.0171656, '0000-00-00 00:00:00', 30.8981, 0),
(1, 10, 87, 38.7196, -9.30257, 0.0301183, '0000-00-00 00:00:00', 18.071, 0),
(1, 10, 88, 38.7194, -9.30248, 0.0280286, '0000-00-00 00:00:00', 16.8171, 0),
(1, 10, 89, 38.7193, -9.30243, 0.011558, '0000-00-00 00:00:00', 6.93478, 0),
(1, 10, 90, 38.7192, -9.30239, 0.0112568, '0000-00-00 00:00:00', 8.10491, 0),
(1, 10, 91, 38.7189, -9.30229, 0.0323583, '0000-00-00 00:00:00', 19.415, 0),
(1, 10, 92, 38.7186, -9.30228, 0.0354284, '0000-00-00 00:00:00', 25.5084, 0),
(1, 10, 93, 38.7182, -9.30228, 0.0409531, '0000-00-00 00:00:00', 29.4862, 0),
(1, 10, 94, 38.7178, -9.30227, 0.0429967, '0000-00-00 00:00:00', 25.798, 0),
(1, 10, 95, 38.7177, -9.30227, 0.0187274, '0000-00-00 00:00:00', 11.2364, 0),
(1, 10, 96, 38.7176, -9.30227, 0.00265336, '0000-00-00 00:00:00', 1.59202, 0),
(1, 10, 97, 38.7175, -9.30232, 0.0140465, '0000-00-00 00:00:00', 2.29852, 0),
(1, 10, 98, 38.7172, -9.30229, 0.034171, '0000-00-00 00:00:00', 20.5026, 0);
INSERT INTO `ed_driverroute` (`DriverID`, `DeliveryID`, `PositionID`, `Latitude`, `Longitude`, `DistanceFromPrevious`, `DateCreated`, `Speed`, `LineID`) VALUES
(1, 10, 99, 38.7169, -9.30218, 0.0367437, '0000-00-00 00:00:00', 22.0462, 0),
(1, 10, 100, 38.7165, -9.30198, 0.0428924, '0000-00-00 00:00:00', 25.7354, 0),
(1, 10, 101, 38.7163, -9.30178, 0.0344389, '0000-00-00 00:00:00', 24.796, 0),
(1, 10, 102, 38.7159, -9.30148, 0.0460626, '0000-00-00 00:00:00', 27.6376, 0),
(1, 10, 103, 38.7155, -9.30105, 0.0617979, '0000-00-00 00:00:00', 37.0788, 0),
(1, 10, 104, 38.7152, -9.30085, 0.0326156, '0000-00-00 00:00:00', 19.5694, 0),
(1, 10, 105, 38.7151, -9.30085, 0.0105635, '0000-00-00 00:00:00', 6.33811, 0),
(1, 10, 106, 38.7149, -9.30116, 0.0402472, '0000-00-00 00:00:00', 24.1483, 0),
(1, 10, 107, 38.7146, -9.30167, 0.0514758, '0000-00-00 00:00:00', 37.0626, 0),
(1, 10, 108, 38.7144, -9.30236, 0.0645508, '0000-00-00 00:00:00', 38.7305, 0),
(1, 10, 109, 38.7142, -9.30308, 0.0661811, '0000-00-00 00:00:00', 39.7086, 0),
(1, 10, 110, 38.7142, -9.30364, 0.0490314, '0000-00-00 00:00:00', 35.3026, 0),
(1, 10, 111, 38.7142, -9.30397, 0.0289861, '0000-00-00 00:00:00', 20.87, 0),
(1, 10, 112, 38.7142, -9.30441, 0.038212, '0000-00-00 00:00:00', 22.9272, 0),
(1, 10, 113, 38.7142, -9.30497, 0.0494233, '0000-00-00 00:00:00', 29.654, 0),
(1, 10, 114, 38.7142, -9.30566, 0.0600369, '0000-00-00 00:00:00', 36.0222, 0),
(1, 10, 115, 38.7141, -9.30644, 0.0670908, '0000-00-00 00:00:00', 40.2545, 0),
(1, 10, 116, 38.7141, -9.30721, 0.0675285, '0000-00-00 00:00:00', 40.5171, 0),
(1, 10, 117, 38.7144, -9.30786, 0.0641687, '0000-00-00 00:00:00', 38.5012, 0),
(1, 10, 118, 38.7148, -9.3082, 0.0542993, '0000-00-00 00:00:00', 32.5796, 0),
(1, 10, 119, 38.7151, -9.30838, 0.0374933, '0000-00-00 00:00:00', 22.496, 0),
(1, 10, 120, 38.715, -9.30865, 0.0312679, '0000-00-00 00:00:00', 22.5129, 0),
(1, 10, 121, 38.7148, -9.30897, 0.0320459, '0000-00-00 00:00:00', 19.2275, 0),
(1, 10, 122, 38.7148, -9.30922, 0.0225392, '0000-00-00 00:00:00', 16.2283, 0),
(1, 10, 123, 38.7147, -9.30944, 0.0197861, '0000-00-00 00:00:00', 11.8717, 0),
(1, 10, 124, 38.7147, -9.30958, 0.0117365, '0000-00-00 00:00:00', 7.04193, 0),
(1, 10, 125, 38.7147, -9.30981, 0.020443, '0000-00-00 00:00:00', 14.7189, 0),
(1, 10, 126, 38.7146, -9.31022, 0.0371588, '0000-00-00 00:00:00', 22.2953, 0),
(1, 10, 127, 38.7144, -9.31055, 0.0337855, '0000-00-00 00:00:00', 24.3256, 0),
(1, 10, 128, 38.7142, -9.31097, 0.0431876, '0000-00-00 00:00:00', 25.9126, 0),
(1, 10, 129, 38.714, -9.31142, 0.0451612, '0000-00-00 00:00:00', 27.0967, 0),
(1, 10, 130, 38.714, -9.3117, 0.0245115, '0000-00-00 00:00:00', 17.6483, 0),
(1, 10, 131, 38.7137, -9.31189, 0.0393872, '0000-00-00 00:00:00', 23.6323, 0),
(1, 10, 132, 38.7132, -9.312, 0.0600401, '0000-00-00 00:00:00', 36.0241, 0),
(1, 10, 133, 38.7127, -9.31203, 0.0558691, '0000-00-00 00:00:00', 40.2257, 0),
(1, 10, 134, 38.7119, -9.312, 0.0810164, '0000-00-00 00:00:00', 48.6098, 0),
(1, 10, 135, 38.7111, -9.31211, 0.0903696, '0000-00-00 00:00:00', 54.2218, 0),
(1, 10, 136, 38.7105, -9.31227, 0.0710266, '0000-00-00 00:00:00', 51.1391, 0),
(1, 10, 137, 38.7099, -9.3126, 0.0755708, '0000-00-00 00:00:00', 45.3425, 0),
(1, 10, 138, 38.7095, -9.31318, 0.0675496, '0000-00-00 00:00:00', 40.5298, 0),
(1, 10, 139, 38.709, -9.3132, 0.0474923, '0000-00-00 00:00:00', 28.4954, 0),
(1, 10, 140, 38.7089, -9.31315, 0.0187148, '0000-00-00 00:00:00', 13.4747, 0),
(1, 10, 141, 38.7088, -9.31317, 0.00500454, '0000-00-00 00:00:00', 3.00273, 0),
(1, 10, 142, 38.7088, -9.31345, 0.0259445, '0000-00-00 00:00:00', 18.68, 0),
(1, 10, 143, 38.7085, -9.31406, 0.0581351, '0000-00-00 00:00:00', 34.8811, 0),
(1, 10, 144, 38.7083, -9.31483, 0.071272, '0000-00-00 00:00:00', 42.7632, 0),
(1, 10, 145, 38.7081, -9.31555, 0.0684788, '0000-00-00 00:00:00', 49.3048, 0),
(1, 10, 146, 38.7077, -9.3164, 0.0823786, '0000-00-00 00:00:00', 49.4272, 0),
(1, 10, 147, 38.7075, -9.31721, 0.0766914, '0000-00-00 00:00:00', 46.0148, 0),
(1, 10, 148, 38.7072, -9.31799, 0.0728611, '0000-00-00 00:00:00', 43.7166, 0),
(1, 10, 149, 38.707, -9.31865, 0.0620422, '0000-00-00 00:00:00', 44.6704, 0),
(1, 10, 150, 38.7068, -9.31932, 0.0635549, '0000-00-00 00:00:00', 45.7595, 0),
(1, 10, 151, 38.7065, -9.32012, 0.0739657, '0000-00-00 00:00:00', 44.3794, 0),
(1, 10, 152, 38.7064, -9.3207, 0.0536982, '0000-00-00 00:00:00', 38.6627, 0),
(1, 10, 153, 38.7062, -9.32145, 0.0668921, '0000-00-00 00:00:00', 40.1353, 0),
(1, 10, 154, 38.7061, -9.32205, 0.0533328, '0000-00-00 00:00:00', 38.3996, 0),
(1, 10, 155, 38.7058, -9.32268, 0.0650496, '0000-00-00 00:00:00', 39.0298, 0),
(1, 10, 156, 38.7054, -9.32297, 0.0554752, '0000-00-00 00:00:00', 33.2851, 0),
(1, 10, 157, 38.7052, -9.32302, 0.0205117, '0000-00-00 00:00:00', 14.7684, 0),
(1, 10, 158, 38.7049, -9.32308, 0.0273738, '0000-00-00 00:00:00', 16.4243, 0),
(1, 10, 159, 38.7046, -9.32315, 0.0359829, '0000-00-00 00:00:00', 21.5898, 0),
(1, 10, 160, 38.7043, -9.3232, 0.031053, '0000-00-00 00:00:00', 18.6318, 0),
(1, 10, 161, 38.7042, -9.32323, 0.018959, '0000-00-00 00:00:00', 13.6504, 0),
(1, 10, 162, 38.704, -9.32325, 0.0208472, '0000-00-00 00:00:00', 15.01, 0),
(1, 10, 163, 38.7039, -9.32335, 0.0175765, '0000-00-00 00:00:00', 12.655, 0),
(1, 10, 164, 38.7036, -9.32364, 0.0347344, '0000-00-00 00:00:00', 20.8407, 0),
(1, 10, 165, 38.7035, -9.32413, 0.0439025, '0000-00-00 00:00:00', 26.3415, 0),
(1, 10, 166, 38.7033, -9.32453, 0.0408387, '0000-00-00 00:00:00', 24.5032, 0),
(1, 10, 167, 38.703, -9.32468, 0.0442082, '0000-00-00 00:00:00', 26.5249, 0),
(1, 10, 168, 38.7027, -9.32475, 0.0320818, '0000-00-00 00:00:00', 23.0989, 0),
(1, 10, 169, 38.7023, -9.32481, 0.0401721, '0000-00-00 00:00:00', 24.1033, 0),
(1, 10, 170, 38.7019, -9.3249, 0.0453854, '0000-00-00 00:00:00', 27.2313, 0),
(1, 10, 171, 38.7016, -9.32501, 0.0331538, '0000-00-00 00:00:00', 23.8707, 0),
(1, 10, 172, 38.7013, -9.3251, 0.032466, '0000-00-00 00:00:00', 19.4796, 0),
(1, 10, 173, 38.7011, -9.32516, 0.0264608, '0000-00-00 00:00:00', 19.0518, 0),
(1, 10, 174, 38.7008, -9.32523, 0.0361727, '0000-00-00 00:00:00', 21.7036, 0),
(1, 10, 175, 38.7004, -9.32533, 0.0457823, '0000-00-00 00:00:00', 27.4694, 0),
(1, 10, 176, 38.7001, -9.32551, 0.0321358, '0000-00-00 00:00:00', 19.2815, 0),
(1, 10, 177, 38.7001, -9.32584, 0.0292841, '0000-00-00 00:00:00', 21.0846, 0),
(1, 10, 178, 38.6999, -9.32609, 0.0279376, '0000-00-00 00:00:00', 16.7625, 0),
(1, 10, 179, 38.6996, -9.32625, 0.0433771, '0000-00-00 00:00:00', 26.0262, 0),
(1, 10, 180, 38.6993, -9.32643, 0.0378163, '0000-00-00 00:00:00', 27.2277, 0),
(1, 10, 181, 38.699, -9.32671, 0.0398772, '0000-00-00 00:00:00', 23.9263, 0),
(1, 10, 182, 38.6988, -9.32698, 0.0312908, '0000-00-00 00:00:00', 22.5294, 0),
(1, 10, 183, 38.6986, -9.32738, 0.0408514, '0000-00-00 00:00:00', 24.5108, 0),
(1, 10, 184, 38.6985, -9.32776, 0.0341899, '0000-00-00 00:00:00', 24.6167, 0),
(1, 10, 185, 38.6982, -9.32787, 0.038454, '0000-00-00 00:00:00', 23.0724, 0),
(1, 10, 186, 38.698, -9.32789, 0.0216185, '0000-00-00 00:00:00', 12.9711, 0),
(1, 10, 187, 38.6979, -9.32806, 0.0157663, '0000-00-00 00:00:00', 11.3518, 0),
(1, 10, 188, 38.6979, -9.32851, 0.0387478, '0000-00-00 00:00:00', 23.2487, 0),
(1, 10, 189, 38.6979, -9.3289, 0.0342392, '0000-00-00 00:00:00', 24.6523, 0),
(1, 10, 190, 38.6978, -9.32921, 0.0277907, '0000-00-00 00:00:00', 16.6744, 0),
(1, 10, 191, 38.6978, -9.32938, 0.013945, '0000-00-00 00:00:00', 8.36699, 0),
(1, 10, 192, 38.6978, -9.32954, 0.0141229, '0000-00-00 00:00:00', 8.47374, 0),
(1, 10, 193, 38.6979, -9.32972, 0.0158757, '0000-00-00 00:00:00', 9.52544, 0),
(1, 10, 194, 38.6978, -9.32996, 0.0212726, '0000-00-00 00:00:00', 15.3162, 0),
(1, 10, 195, 38.6976, -9.32981, 0.0319966, '0000-00-00 00:00:00', 19.198, 0),
(1, 10, 196, 38.6972, -9.32974, 0.041205, '0000-00-00 00:00:00', 29.6676, 0),
(1, 10, 197, 38.6968, -9.32973, 0.0481886, '0000-00-00 00:00:00', 34.6958, 0),
(1, 10, 198, 38.6963, -9.32973, 0.0468945, '0000-00-00 00:00:00', 28.1367, 0),
(1, 10, 199, 38.6962, -9.32992, 0.0242201, '0000-00-00 00:00:00', 14.532, 0),
(1, 10, 200, 38.6961, -9.33019, 0.0251971, '0000-00-00 00:00:00', 18.1419, 0),
(1, 10, 201, 38.696, -9.33076, 0.0503952, '0000-00-00 00:00:00', 30.2371, 0),
(1, 10, 202, 38.6962, -9.3314, 0.058597, '0000-00-00 00:00:00', 35.1582, 0),
(1, 10, 203, 38.6963, -9.33163, 0.0238523, '0000-00-00 00:00:00', 14.3114, 0),
(1, 10, 204, 38.6964, -9.33174, 0.0161469, '0000-00-00 00:00:00', 9.68816, 0),
(1, 10, 205, 38.6969, -9.33216, 0.0636793, '0000-00-00 00:00:00', 38.2076, 0),
(1, 10, 206, 38.6969, -9.33302, 0.0740978, '0000-00-00 00:00:00', 44.4587, 0),
(1, 10, 207, 38.6963, -9.33339, 0.0721104, '0000-00-00 00:00:00', 43.2662, 0),
(1, 10, 208, 38.6957, -9.33293, 0.0743557, '0000-00-00 00:00:00', 44.6134, 0),
(1, 10, 209, 38.6956, -9.33247, 0.0414519, '0000-00-00 00:00:00', 24.8711, 0),
(1, 10, 210, 38.6956, -9.33231, 0.013888, '0000-00-00 00:00:00', 8.33279, 0),
(1, 10, 211, 38.6956, -9.33199, 0.0279724, '0000-00-00 00:00:00', 16.7834, 0),
(1, 10, 212, 38.6953, -9.33172, 0.0398044, '0000-00-00 00:00:00', 23.8827, 0),
(1, 10, 213, 38.6949, -9.3318, 0.0503299, '0000-00-00 00:00:00', 30.1979, 0),
(1, 10, 214, 38.6945, -9.33227, 0.0551304, '0000-00-00 00:00:00', 33.0782, 0),
(1, 10, 215, 38.6943, -9.33301, 0.06835, '0000-00-00 00:00:00', 41.01, 0),
(1, 10, 216, 38.6942, -9.33371, 0.062158, '0000-00-00 00:00:00', 37.2948, 0),
(1, 10, 217, 38.6941, -9.33429, 0.0511374, '0000-00-00 00:00:00', 30.6825, 0),
(1, 10, 218, 38.6941, -9.33477, 0.0420131, '0000-00-00 00:00:00', 25.2078, 0),
(1, 10, 219, 38.6941, -9.33522, 0.03907, '0000-00-00 00:00:00', 23.442, 0),
(1, 10, 220, 38.6941, -9.33558, 0.0308116, '0000-00-00 00:00:00', 22.1844, 0),
(1, 10, 221, 38.6942, -9.3361, 0.0477567, '0000-00-00 00:00:00', 28.654, 0),
(1, 10, 222, 38.6944, -9.33661, 0.0482149, '0000-00-00 00:00:00', 34.7148, 0),
(1, 10, 223, 38.6946, -9.33727, 0.0617884, '0000-00-00 00:00:00', 37.0731, 0),
(1, 10, 224, 38.6947, -9.33782, 0.0490464, '0000-00-00 00:00:00', 35.3134, 0),
(1, 10, 225, 38.6948, -9.33844, 0.0566549, '0000-00-00 00:00:00', 33.9929, 0),
(1, 10, 226, 38.6949, -9.33908, 0.0561941, '0000-00-00 00:00:00', 33.7165, 0),
(1, 10, 227, 38.6949, -9.33958, 0.043042, '0000-00-00 00:00:00', 25.8252, 0),
(1, 10, 228, 38.6949, -9.34008, 0.0438369, '0000-00-00 00:00:00', 26.3021, 0),
(1, 10, 229, 38.6949, -9.34061, 0.0456081, '0000-00-00 00:00:00', 27.3649, 0),
(1, 10, 230, 38.6949, -9.34103, 0.0364544, '0000-00-00 00:00:00', 26.2472, 0),
(1, 10, 231, 38.6949, -9.3413, 0.0238669, '0000-00-00 00:00:00', 17.1842, 0),
(1, 10, 232, 38.6949, -9.34136, 0.00481053, '0000-00-00 00:00:00', 2.88632, 0),
(1, 10, 233, 38.6951, -9.34149, 0.0180838, '0000-00-00 00:00:00', 10.8503, 0),
(1, 10, 234, 38.6953, -9.34159, 0.0303244, '0000-00-00 00:00:00', 18.1947, 0),
(1, 10, 235, 38.6954, -9.34179, 0.0221501, '0000-00-00 00:00:00', 13.29, 0),
(1, 10, 236, 38.6954, -9.3421, 0.026477, '0000-00-00 00:00:00', 19.0634, 0),
(1, 10, 237, 38.6956, -9.34244, 0.0326412, '0000-00-00 00:00:00', 19.5847, 0),
(1, 10, 238, 38.6957, -9.34275, 0.0331028, '0000-00-00 00:00:00', 19.8617, 0),
(1, 10, 239, 38.6959, -9.34309, 0.034582, '0000-00-00 00:00:00', 20.7492, 0),
(1, 10, 240, 38.696, -9.34339, 0.0303987, '0000-00-00 00:00:00', 18.2392, 0),
(1, 10, 241, 38.6961, -9.34366, 0.026608, '0000-00-00 00:00:00', 15.9648, 0),
(1, 10, 242, 38.6961, -9.34379, 0.0154294, '0000-00-00 00:00:00', 9.25763, 0),
(1, 10, 243, 38.6959, -9.34389, 0.0158461, '0000-00-00 00:00:00', 9.50766, 0),
(1, 10, 244, 38.6957, -9.34407, 0.0317009, '0000-00-00 00:00:00', 19.0205, 0),
(1, 10, 245, 38.6954, -9.3444, 0.0452947, '0000-00-00 00:00:00', 27.1768, 0),
(1, 10, 246, 38.6952, -9.34496, 0.0509106, '0000-00-00 00:00:00', 30.5464, 0),
(1, 10, 247, 38.6951, -9.34548, 0.0460039, '0000-00-00 00:00:00', 27.6023, 0),
(1, 10, 248, 38.6951, -9.34577, 0.0256348, '0000-00-00 00:00:00', 15.3809, 0),
(1, 10, 249, 38.6954, -9.34599, 0.038104, '0000-00-00 00:00:00', 22.8624, 0),
(1, 10, 250, 38.6957, -9.34615, 0.0301206, '0000-00-00 00:00:00', 18.0723, 0),
(1, 10, 251, 38.6958, -9.34628, 0.0195901, '0000-00-00 00:00:00', 14.1049, 0),
(1, 10, 252, 38.6958, -9.34634, 0.00642145, '0000-00-00 00:00:00', 4.62345, 0),
(1, 10, 253, 38.6959, -9.34636, 0.00128116, '0000-00-00 00:00:00', 0.768697, 0),
(1, 10, 254, 38.6958, -9.34237, 0.345925, '0000-00-00 00:00:00', 113.212, 0),
(1, 8, 207, 38.7457, -9.30451, 0.00331695, '0000-00-00 00:00:00', 1.99017, 0),
(1, 8, 208, 38.7457, -9.30451, 0.000395453, '0000-00-00 00:00:00', 0.237272, 0),
(1, 8, 209, 38.7457, -9.30439, 0.0133283, '0000-00-00 00:00:00', 7.99698, 0),
(1, 8, 210, 38.7455, -9.30436, 0.0275063, '0000-00-00 00:00:00', 14.1461, 0),
(1, 6, 0, 38.6956, -9.34673, 0.0548932, '2014-11-11 00:54:27', 0, 0),
(1, 6, 1, 38.6956, -9.34663, 0.0086624, '2014-11-11 00:54:30', 10.3949, 0),
(1, 6, 2, 38.6956, -9.34656, 0.00606406, '2014-11-11 00:54:35', 4.36612, 0),
(1, 6, 3, 38.6956, -9.34652, 0.00402053, '2014-11-11 00:54:41', 2.41232, 0),
(1, 6, 4, 38.6956, -9.34648, 0.00307533, '2014-11-11 00:54:45', 2.76779, 0),
(1, 6, 5, 38.6956, -9.34645, 0.00243408, '2014-11-11 00:54:50', 1.75254, 0),
(1, 6, 6, 38.6956, -9.34643, 0.00196376, '2014-11-11 00:54:55', 1.41391, 0),
(1, 6, 7, 38.6956, -9.3464, 0.00269404, '2014-11-11 00:55:05', 0.969854, 0),
(1, 6, 8, 38.6956, -9.34639, 0.00098503, '2014-11-11 00:55:10', 0.709221, 0),
(1, 6, 9, 38.6956, -9.34638, 0.000867183, '2014-11-11 00:55:16', 0.52031, 0),
(1, 6, 10, 38.6956, -9.34638, 0.000596575, '2014-11-11 00:55:17', 2.14767, 0),
(1, 6, 11, 38.696, -9.34614, 0.0398326, '2014-11-11 00:55:20', 47.7991, 0),
(1, 6, 12, 38.6959, -9.34607, 0.0129792, '2014-11-11 00:55:22', 23.3626, 0),
(1, 6, 13, 38.6916, -9.31821, 2.46336, '2014-11-11 01:02:31', 20.6716, 0),
(1, 6, 14, 38.6911, -9.31656, 0.153002, '2014-11-11 01:02:35', 137.702, 0),
(1, 6, 15, 38.6911, -9.31656, 0.000392146, '2014-11-11 01:02:45', 0.141173, 0),
(1, 6, 16, 38.6911, -9.31656, 0.000603946, '2014-11-11 01:02:47', 1.0871, 0),
(1, 6, 17, 38.6908, -9.31535, 0.111557, '2014-11-11 01:03:01', 28.6861, 0),
(1, 6, 18, 38.6908, -9.31536, 0.000739688, '2014-11-11 01:03:07', 0.443813, 0),
(1, 6, 19, 38.6908, -9.31536, 0.000267246, '2014-11-11 01:03:11', 0.240522, 0),
(1, 6, 20, 38.6908, -9.31533, 0.0021816, '2014-11-11 01:03:17', 1.30896, 0),
(1, 6, 21, 38.6908, -9.3153, 0.0030036, '2014-11-11 01:03:21', 2.70324, 0),
(1, 6, 22, 38.6908, -9.31526, 0.00373149, '2014-11-11 01:03:28', 1.91905, 0);

-- --------------------------------------------------------

--
-- Table structure for table `ed_drivers`
--

CREATE TABLE `ed_drivers` (
  `ID` int(11) NOT NULL,
  `Description` varchar(200) COLLATE latin1_general_ci DEFAULT NULL,
  `Address` varchar(200) COLLATE latin1_general_ci DEFAULT NULL,
  `Longitude` float DEFAULT NULL,
  `Latitude` float DEFAULT NULL,
  `Email` varchar(200) COLLATE latin1_general_ci DEFAULT NULL
) ENGINE=MyISAM DEFAULT CHARSET=latin1 COLLATE=latin1_general_ci;

--
-- Dumping data for table `ed_drivers`
--

INSERT INTO `ed_drivers` (`ID`, `Description`, `Address`, `Longitude`, `Latitude`, `Email`) VALUES
(1, 'David Domingues', 'rua cidade vila cabral lisboa portugal', -9.30321, 38.7431, 'dadomingues@gmail.com'),
(2, 'Tiago Domingues', 'Rua da prata Lisboa Portugal', -9.13624, 38.7092, 'tiadomingues@gmail.com'),
(7, 'Pedro Andrade', 'Menlo Park, CA, Estados Unidos', -122.179, 37.4553, 'pandrade@gmail.com');

-- --------------------------------------------------------

--
-- Table structure for table `ed_user`
--

CREATE TABLE `ed_user` (
  `email` varchar(200) NOT NULL,
  `uid` varchar(20) DEFAULT NULL,
  `companyid` int(11) DEFAULT NULL,
  `driverid` int(11) DEFAULT NULL,
  `pass` varchar(200) DEFAULT NULL,
  `creationdate` datetime DEFAULT NULL
) ENGINE=MyISAM DEFAULT CHARSET=latin1;

--
-- Dumping data for table `ed_user`
--

INSERT INTO `ed_user` (`email`, `uid`, `companyid`, `driverid`, `pass`, `creationdate`) VALUES
('d@d.com', 'VZNLAMZKHUWJNFVPCUGE', 1, NULL, '86f7e437faa5a7fce15d1ddcb9eaeaea377667b8', '2016-09-23 00:00:00'),
('dadomingues@gmail.com', 'ZWMSYGUCLFOFANUDBFDH', 1, NULL, 'b9d41f5f3847c78f74cfcc418a58550f6c535f31', '2016-09-25 00:00:00'),
('tiadomingues@gmail.com', 'UXYJSGUKZKKTBCHJLPYX', 1, NULL, 'b9d41f5f3847c78f74cfcc418a58550f6c535f31', '2016-10-01 00:00:00'),
('gribou@gmail.com', 'ICLNQTUYRKLQFJBVFUNB', 2, 1, '7c222fb2927d828af22f592134e8932480637c0d', '2016-11-04 00:00:00'),
('webrickco@gmail.com', 'BUSSWILMMDPMDFCRYREI', 3, 0, '7c222fb2927d828af22f592134e8932480637c0d', '2016-11-07 00:00:00'),
('david.domingues@live.com.pt', 'KEHPTTGXBGGNZWSTKUZG', 4, 0, '7c222fb2927d828af22f592134e8932480637c0d', '2016-11-07 00:00:00'),
('dadominguesx@gmail.com', 'SFSSWFMHVGHRIVJQHCAP', 5, 0, '7c222fb2927d828af22f592134e8932480637c0d', '2016-11-10 00:00:00'),
('dadominguesx1@gmail.com', 'ZVEGMRFQBHPDEOOHZOME', 6, 0, '7c222fb2927d828af22f592134e8932480637c0d', '2016-11-10 00:00:00'),
('dadominguesx2@gmail.com', 'JLIMGKZUYBCRCNOUURDV', 7, 0, '7c222fb2927d828af22f592134e8932480637c0d', '2016-11-10 00:00:00');

-- --------------------------------------------------------

--
-- Table structure for table `ed_vehicles`
--

CREATE TABLE `ed_vehicles` (
  `ID` bigint(20) NOT NULL,
  `Description` varchar(200) COLLATE latin1_general_ci DEFAULT NULL
) ENGINE=MyISAM DEFAULT CHARSET=latin1 COLLATE=latin1_general_ci;

--
-- Dumping data for table `ed_vehicles`
--

INSERT INTO `ed_vehicles` (`ID`, `Description`) VALUES
(1, 'Carro 1'),
(2, 'Carro 2'),
(3, 'Carro 3');

--
-- Indexes for dumped tables
--

--
-- Indexes for table `ed_companies`
--
ALTER TABLE `ed_companies`
  ADD PRIMARY KEY (`ID`);

--
-- Indexes for table `ed_customers`
--
ALTER TABLE `ed_customers`
  ADD PRIMARY KEY (`id`);

--
-- Indexes for table `ed_deliveries`
--
ALTER TABLE `ed_deliveries`
  ADD PRIMARY KEY (`ID`,`CompanyID`);

--
-- Indexes for table `ed_deliveryline`
--
ALTER TABLE `ed_deliveryline`
  ADD PRIMARY KEY (`DeliveryID`,`LineID`,`CompanyID`);

--
-- Indexes for table `ed_driverposition`
--
ALTER TABLE `ed_driverposition`
  ADD PRIMARY KEY (`id`,`CompanyID`);

--
-- Indexes for table `ed_driverroute`
--
ALTER TABLE `ed_driverroute`
  ADD PRIMARY KEY (`DriverID`,`DeliveryID`,`PositionID`);

--
-- Indexes for table `ed_drivers`
--
ALTER TABLE `ed_drivers`
  ADD PRIMARY KEY (`ID`);

--
-- Indexes for table `ed_user`
--
ALTER TABLE `ed_user`
  ADD PRIMARY KEY (`email`);

--
-- Indexes for table `ed_vehicles`
--
ALTER TABLE `ed_vehicles`
  ADD PRIMARY KEY (`ID`);

/*!40101 SET CHARACTER_SET_CLIENT=@OLD_CHARACTER_SET_CLIENT */;
/*!40101 SET CHARACTER_SET_RESULTS=@OLD_CHARACTER_SET_RESULTS */;
/*!40101 SET COLLATION_CONNECTION=@OLD_COLLATION_CONNECTION */;
